-- Catalog Migration - FIXED Version
-- Date: 2026-01-20T22:23:47.759Z
-- Total rows: 497

TRUNCATE TABLE vehicle_catalog_trims CASCADE;
TRUNCATE TABLE vehicle_catalog_alt_models CASCADE;
TRUNCATE TABLE vehicle_catalog_models CASCADE;
TRUNCATE TABLE vehicle_catalog_series CASCADE;
TRUNCATE TABLE vehicle_catalog_brands CASCADE;
TRUNCATE TABLE vehicle_catalog_classes CASCADE;

INSERT INTO vehicle_catalog_classes (id, name) VALUES (1, 'Otomobil');

INSERT INTO vehicle_catalog_brands (id, class_id, name) VALUES
(1, 1, 'Abarth'),
(2, 1, 'Aion'),
(3, 1, 'Alfa Romeo'),
(4, 1, 'Alpine'),
(5, 1, 'Anadol'),
(6, 1, 'Arora'),
(7, 1, 'Aston Martin'),
(8, 1, 'Audi'),
(9, 1, 'Bentley'),
(10, 1, 'Buick'),
(11, 1, 'BYD'),
(12, 1, 'Cadillac'),
(13, 1, 'Chery'),
(14, 1, 'Chevrolet');

INSERT INTO vehicle_catalog_series (id, brand_id, name) VALUES
(1, 1, '500e'),
(2, 2, 'S'),
(3, 2, 'S Plus'),
(4, 3, 'Giulia'),
(5, 3, 'Giulia Quadrifoglio'),
(6, 3, 'Giulietta'),
(7, 3, '145'),
(8, 3, '146'),
(9, 3, '147'),
(10, 3, '155'),
(11, 3, '156'),
(12, 3, '159'),
(13, 3, '166'),
(14, 3, '33'),
(15, 3, '75'),
(16, 3, 'Brera'),
(17, 3, 'GT'),
(18, 3, 'GTV'),
(19, 3, 'Mito'),
(20, 4, 'A290'),
(21, 5, 'A'),
(22, 5, 'SV'),
(23, 6, 'S1'),
(24, 7, 'DB11'),
(25, 7, 'DB12'),
(26, 7, 'DB7'),
(27, 7, 'DB9'),
(28, 7, 'DBS'),
(29, 7, 'Rapide'),
(30, 7, 'Vanquish'),
(31, 7, 'Vantage'),
(32, 8, 'A1'),
(33, 8, 'A2'),
(34, 8, 'A3'),
(35, 8, 'A4'),
(36, 8, 'A5'),
(37, 8, 'A6'),
(38, 8, 'A8'),
(39, 8, 'E-Tron GT'),
(40, 8, 'R8'),
(41, 8, 'RS'),
(42, 8, 'S Serisi'),
(43, 8, 'TTS'),
(44, 8, '80 Serisi'),
(45, 8, '100 Serisi'),
(46, 8, '200 Serisi'),
(47, 9, 'Continental'),
(48, 9, 'Flying Spor'),
(49, 9, 'Azure'),
(50, 9, 'Mulsanne'),
(51, 10, 'Le Sabre'),
(52, 10, 'Park Avenue'),
(53, 10, 'Regal'),
(54, 10, 'Riviera'),
(55, 10, 'Roadmaster'),
(56, 10, 'Skylark'),
(57, 11, 'Dolphin'),
(58, 11, 'F3'),
(59, 11, 'Han'),
(60, 11, 'Song L'),
(61, 11, 'Seal'),
(62, 12, 'CTS'),
(63, 12, 'Brougham'),
(64, 12, 'DeVille'),
(65, 12, 'Eldorado'),
(66, 12, 'Fleetwood'),
(67, 12, 'Seville'),
(68, 12, 'STS'),
(69, 13, 'Alia'),
(70, 13, 'Chance'),
(71, 13, 'Kimo'),
(72, 13, 'Niche'),
(73, 14, 'Aveo'),
(74, 14, 'Camaro'),
(75, 14, 'Caprice'),
(76, 14, 'Celebrity'),
(77, 14, 'Corvette'),
(78, 14, 'Cruze'),
(79, 14, 'Epica'),
(80, 14, 'Evanda'),
(81, 14, 'Impala'),
(82, 14, 'Kalos'),
(83, 14, 'Lacetti'),
(84, 14, 'Rezzo'),
(85, 14, 'Spark');

INSERT INTO vehicle_catalog_models (id, series_id, name) VALUES
(1, 1, 'Cabrio'),
(2, 2, '580'),
(3, 3, '70'),
(4, 4, '2.0'),
(5, 4, '2.0 T'),
(6, 5, '2.9'),
(7, 6, '1.4 TB'),
(8, 6, '1.6 JTD'),
(9, 6, '1.75 TBI'),
(10, 7, '1.4'),
(11, 7, '1.6'),
(12, 7, '1.7'),
(13, 7, '2.0'),
(14, 8, '1.4'),
(15, 8, '1.6'),
(16, 8, '2.0 Ti'),
(17, 9, '1.6 TS'),
(18, 9, '1.9'),
(19, 9, '2.0 TS'),
(20, 10, '2.0'),
(21, 11, '1.6 TS'),
(22, 11, '1.9 JTD'),
(23, 11, '2.0 JTS'),
(24, 11, '2.0 TS'),
(25, 11, '2.5'),
(26, 12, '1.9 JTD'),
(27, 12, '1.9 JTS'),
(28, 12, '3.2 TJS'),
(29, 13, '2.0'),
(30, 14, '1.5'),
(31, 14, '1.7'),
(32, 15, '1.8 T'),
(33, 16, '2.2'),
(34, 17, '1.9 JTD'),
(35, 17, '2.0 JTS'),
(36, 18, '2.0'),
(37, 19, '1.3 jtd'),
(38, 19, '1.4 TB'),
(39, 19, '1.6 JTD'),
(40, 20, 'GT'),
(41, 20, 'GTS'),
(42, 21, 'A1'),
(43, 21, 'A2'),
(44, 21, 'A2 SL'),
(45, 22, '1.6'),
(46, 24, 'Coupe'),
(47, 25, 'Coupe'),
(48, 25, 'Volante'),
(49, 26, 'Coupe'),
(50, 26, 'Volante'),
(51, 27, 'Coupe'),
(52, 27, 'Volante'),
(53, 27, 'GT 007 Bond Edition'),
(54, 28, 'DBS Coupe'),
(55, 29, 'V12 Rapide'),
(56, 29, 'V12 Rapide S'),
(57, 30, 'V12'),
(58, 31, 'V8 Vantage'),
(59, 31, 'V8 Vantage F1 Edition'),
(60, 31, 'V8 Vantage N430'),
(61, 31, 'V8 Vantage Roadster'),
(62, 31, 'V8 Vantage S'),
(63, 32, '1.4 TFSI'),
(64, 32, '1.6 TDI'),
(65, 33, '1.4'),
(66, 34, 'A3 Cabrio'),
(67, 35, 'A3 Cabrio'),
(68, 36, 'A3 Cabrio'),
(69, 37, 'A3 Cabrio'),
(70, 34, 'A3 Hatchback'),
(71, 35, 'A3 Hatchback'),
(72, 36, 'A3 Hatchback'),
(73, 34, 'A3 Sedan'),
(74, 34, 'A3 Sportback'),
(75, 35, 'A3 Sportback'),
(76, 35, 'A4 AVANT'),
(77, 35, 'A4 Cabrio'),
(78, 35, 'A4 Sedan'),
(79, 35, 'A4 Allroad quatro'),
(80, 36, 'A5 Avant'),
(81, 36, 'A5 Cabrio'),
(82, 36, 'A5 Coupe'),
(83, 36, 'A5 Sedan'),
(84, 36, 'A5 Sportback'),
(85, 38, '50 TDI'),
(86, 38, '55 TFSI'),
(87, 38, '60 TFSI'),
(88, 38, '2.0 TFSI Quattro'),
(89, 38, '2.5 TDI'),
(90, 38, '3.0'),
(91, 38, '3.0 TDI'),
(92, 38, '3.2 FSI'),
(93, 38, '4.0 TDI Quattro'),
(94, 38, '4.0 TFSI Quattro'),
(95, 38, '46057'),
(96, 38, '4.2 TDI'),
(97, 38, '6.3 FSI Quattro'),
(98, 39, 'GT Quattro'),
(99, 39, 'GT RS'),
(100, 40, '4.2 FSI'),
(101, 40, '5.2 FSI'),
(102, 41, 'RS 3'),
(103, 41, 'RS 4'),
(104, 41, 'RS 6'),
(105, 41, 'RS 7'),
(106, 42, 'S3'),
(107, 42, 'S4'),
(108, 42, 'S5'),
(109, 42, 'S6'),
(110, 43, '2.0 TFSI'),
(111, 44, '46174'),
(112, 44, '1.6 D'),
(113, 44, '1.6 TD'),
(114, 44, '46235'),
(115, 44, '1.8 S'),
(116, 44, '1.9 TDI'),
(117, 44, '2.0'),
(118, 44, '46236'),
(119, 45, '46266'),
(120, 45, '2.0'),
(121, 45, '2.8 Quattro'),
(122, 46, '46055'),
(123, 47, 'Flying Spur'),
(124, 47, 'Flying Spur Speed'),
(125, 47, 'GT'),
(126, 47, 'GTC'),
(127, 47, 'GTC Speed'),
(128, 47, 'GT Supersports'),
(129, 48, '4.0'),
(130, 48, '6.0'),
(131, 49, '6.8'),
(132, 50, '6.75'),
(133, 51, '3.8'),
(134, 52, '3.8'),
(135, 53, '3.8'),
(136, 54, '3.8'),
(137, 55, '5.7'),
(138, 56, '2.4'),
(139, 57, 'Standart'),
(140, 57, 'Confort'),
(141, 57, 'Design'),
(142, 58, '1.6'),
(143, 59, 'Executive'),
(144, 60, 'Excellence'),
(145, 61, 'Design'),
(146, 61, 'Excellence'),
(147, 62, '2.0 L'),
(148, 62, '2.8'),
(149, 62, '3.2'),
(150, 62, '6.0'),
(151, 63, '5.7 STD'),
(152, 64, '4.6 Concours'),
(153, 64, '4.6 DTS'),
(154, 65, '4.9 STD'),
(155, 66, '4.9'),
(156, 66, '5.7'),
(157, 67, '4.6 STS'),
(158, 67, '4.9 STS'),
(159, 68, '3.6'),
(160, 69, '1.6'),
(161, 70, '1.6 Norma'),
(162, 70, '2.0 Lusso'),
(163, 71, '1.3'),
(164, 72, '1.6 Lusso'),
(165, 72, '1.6 Norma'),
(166, 72, '2.0 Lusso'),
(167, 73, '1.2'),
(168, 73, '1.3 D'),
(169, 73, '1.4'),
(170, 74, '2.0'),
(171, 74, '3.6'),
(172, 74, '6.2'),
(173, 74, 'RS'),
(174, 74, 'SS'),
(175, 74, 'Z28'),
(176, 75, '5.0 LS'),
(177, 76, '3.1'),
(178, 77, 'C4'),
(179, 77, 'C5'),
(180, 77, 'C6'),
(181, 77, 'C7'),
(182, 77, 'C8'),
(183, 77, 'Z06'),
(184, 78, '1.4 T'),
(185, 78, '1.6'),
(186, 78, '2.0 D'),
(187, 79, '2.0 D LT'),
(188, 79, '2.0 LT'),
(189, 80, '2.0 CDX'),
(190, 81, '3.6'),
(191, 81, '3.8'),
(192, 81, '5.7'),
(193, 82, '1.2'),
(194, 82, '1.4'),
(195, 83, '1.4'),
(196, 83, '1.6'),
(197, 84, '1.6 SX Comfort'),
(198, 85, '0.8'),
(199, 85, '1.0'),
(200, 85, '1.2');

INSERT INTO vehicle_catalog_alt_models (id, model_id, name) VALUES
(1, 4, 'Competizione'),
(2, 4, 'Veloce'),
(3, 5, 'Sprint'),
(4, 5, 'Veloce'),
(5, 7, 'Distinctive'),
(6, 7, 'MultiAir Distinctive'),
(7, 7, 'MultiAir Progression Pluse'),
(8, 7, 'MultiAir Super TCT'),
(9, 7, 'Progression Plus'),
(10, 8, 'Distinctive'),
(11, 8, 'Giulietta'),
(12, 8, 'Progression'),
(13, 8, 'Progression Plus'),
(14, 8, 'Sprint'),
(15, 8, 'Super TCT'),
(16, 8, 'TI'),
(17, 9, 'Quadrifoglio Verde'),
(18, 10, 'TS STD'),
(19, 11, '1.6'),
(20, 11, 'L'),
(21, 11, 'TS Sportivo'),
(22, 13, 'Quadrifoglio'),
(23, 13, 'TS QV'),
(24, 14, 'TS'),
(25, 14, 'TS Ritmo'),
(26, 15, 'L'),
(27, 15, 'TS'),
(28, 16, 'L'),
(29, 17, 'Black Line'),
(30, 17, 'Collezione'),
(31, 17, 'Distinctive'),
(32, 17, 'Progression'),
(33, 18, 'JTD Q2'),
(34, 19, 'Distinctive'),
(35, 19, 'Selespeed Distinctive'),
(36, 20, 'TS Sportivo'),
(37, 20, 'TS Super Losso'),
(38, 21, '1.6 TS'),
(39, 21, 'Distinctive'),
(40, 21, 'Progression'),
(41, 22, 'Impression'),
(42, 22, 'Sportwagon'),
(43, 23, 'Distinctive'),
(44, 24, 'Distinctive'),
(45, 24, 'Executive'),
(46, 24, 'Selespeed'),
(47, 25, '46144'),
(48, 26, 'Distinctive'),
(49, 26, 'Distinctive Plus'),
(50, 26, 'Progression'),
(51, 27, 'Distinctive'),
(52, 28, 'Q4 Distinctive'),
(53, 29, 'TB'),
(54, 30, 'Giardinetta'),
(55, 31, 'IE'),
(56, 33, 'JTS'),
(57, 34, 'Q2'),
(58, 35, 'Dis. Selespeed'),
(59, 36, 'TB'),
(60, 37, 'City'),
(61, 38, 'Distinctive'),
(62, 38, 'Multi Quadrifoglio Verde'),
(63, 38, 'MultiAir TCT'),
(64, 38, 'MultiAir TCT Sportivo'),
(65, 38, 'Prograssion'),
(66, 39, 'Distinctive'),
(67, 39, 'Prograssion'),
(68, 63, 'Ambition'),
(69, 63, 'Attraction'),
(70, 64, 'Ambition'),
(71, 64, 'Attraction'),
(72, 64, 'S Line'),
(73, 64, 'Sport'),
(74, 66, '35 TFSI'),
(75, 66, '1.2 TFSI'),
(76, 66, '1.4 TFSI'),
(77, 67, '1.4 TFSI'),
(78, 68, '1.4 TFSI'),
(79, 69, '1.4 TFSI'),
(80, 66, '1.5 TFSI'),
(81, 66, '1.6'),
(82, 66, '1.8 TFSI'),
(83, 66, '2.0 TDI'),
(84, 70, '1.4 TFSI'),
(85, 70, '1.6'),
(86, 70, '1.6 FSI'),
(87, 70, '1.6 TDI'),
(88, 70, '1.8'),
(89, 71, '1.8'),
(90, 72, '1.8'),
(91, 70, '1.9 TDI'),
(92, 70, '2.0 FSI'),
(93, 70, '2.0 TDI'),
(94, 73, '30 TDI'),
(95, 73, '30 TFSI'),
(96, 73, '35 TFSI'),
(97, 73, '1.0 TFSI'),
(98, 73, '1.2 TFSI'),
(99, 73, '1.4 TFSI'),
(100, 73, '1.5 TFSI'),
(101, 73, '1.6 TDI'),
(102, 74, '30 TDI'),
(103, 74, '30 TFSI'),
(104, 74, '35 TFSI'),
(105, 75, '35 TFSI'),
(106, 74, '1.0 TFSI'),
(107, 74, '1.2 TFSI'),
(108, 74, '1.4 TFSI'),
(109, 74, '1.5 TFSI'),
(110, 74, '1.6'),
(111, 74, '1.6 FSI'),
(112, 74, '1.6 TDI'),
(113, 74, '1.8'),
(114, 74, '1.8 T'),
(115, 74, '1.8 TFSI'),
(116, 74, '1.9 TDI'),
(117, 74, '2.0 FSI'),
(118, 74, '2.0 TDI'),
(119, 74, '3.2'),
(120, 76, '40 TDI'),
(121, 76, '1.4 TFSI'),
(122, 76, '1.6'),
(123, 76, '1.8'),
(124, 76, '1.8 T'),
(125, 76, '1.8 TFSI'),
(126, 76, '1.9 TDI'),
(127, 76, '2.0'),
(128, 76, '2.0 TDI'),
(129, 76, '2.0 TDI Design'),
(130, 76, '2.0 TDI Dynamic'),
(131, 76, '2.0 TDI Quatto Design'),
(132, 76, '2.0 TDI Sport'),
(133, 76, '2.0 TFSI Quttro'),
(134, 76, '2.5 TDI'),
(135, 76, '2.5 TDI Quatro'),
(136, 76, '2.7'),
(137, 76, '3.0 Quatro'),
(138, 77, '1.8 T'),
(139, 77, '2.0 TFSI'),
(140, 77, '2.5 TDI'),
(141, 77, '3.0'),
(142, 77, '3.0 Quatro'),
(143, 78, '40 TDI'),
(144, 78, '45 TFSI'),
(145, 78, '1.4 TFSI'),
(146, 78, '1.4 TFSI Design'),
(147, 78, '1.4 TFSI Dynamic'),
(148, 78, '1.4 TFSI Sport'),
(149, 78, '1.6'),
(150, 78, '1.8'),
(151, 78, '1.8 Quattro'),
(152, 78, '1.8 T'),
(153, 78, '1.8 TFSI'),
(154, 78, '1.8 T Quattro'),
(155, 78, '1.9 TDI'),
(156, 78, '1.9 TDI Quattro'),
(157, 78, '2.0'),
(158, 78, '2.0 TDI'),
(159, 78, '2.0 TDI Design'),
(160, 78, '2.0 TDI Dynamic'),
(161, 78, '2.0 TDI S Line'),
(162, 78, '2.0 TDI Sport'),
(163, 78, '2.0 TDI Quatto'),
(164, 78, '2.0 TDI Quatto Design'),
(165, 78, '2.0 TDI Quatro Dynamic'),
(166, 78, '2.0 TDI Quattro Sport'),
(167, 78, '2.0 TFSI'),
(168, 78, '2.0 TFSI Quatro'),
(169, 78, '2.0 TFSI Quattro S Line'),
(170, 78, '2.4'),
(171, 78, '2.5 TDI'),
(172, 78, '2.5 TDI Quattro'),
(173, 78, '2.6'),
(174, 78, '2.7 TDI'),
(175, 78, '2.8 Quattro'),
(176, 78, '3.0 Quatro'),
(177, 78, '3.0 TDI Quttaro'),
(178, 79, '40 TDI'),
(179, 79, '45 TFSI'),
(180, 79, '2.0 TDI'),
(181, 79, '2.0 TFSI'),
(182, 80, '2.0 TDI Quattro'),
(183, 81, '40 TDI'),
(184, 81, '45 TFSI'),
(185, 81, '1.8 TFSI'),
(186, 81, '2.0 TFSI Quattro'),
(187, 82, '40 TDI'),
(188, 82, '45 TFSI'),
(189, 82, '1.4 TFSI Design'),
(190, 82, '1.4 TFSI Sport'),
(191, 82, '1.8 TFSI'),
(192, 82, '1.8 TFSI S Line'),
(193, 82, '2.0 TDI'),
(194, 82, '2.0 TDI Quattro'),
(195, 82, '2.0 TFSI'),
(196, 82, '2.0 TFSI Quattro'),
(197, 82, '2.7 TDI'),
(198, 82, '3.0 TDI Quattro'),
(199, 82, '3.2 FSI'),
(200, 83, '2.0 TDI Quattro'),
(201, 83, '2.0 TFSI'),
(202, 83, '2.0 TFSI Quattro'),
(203, 84, '40 TDI'),
(204, 84, '45 TFSI'),
(205, 84, '1.4 TFSI Design'),
(206, 84, '1.4 TFSI Dynamic'),
(207, 84, '1.4 TFSI Sport'),
(208, 84, '1.8 TFSI'),
(209, 84, '2.0 TDI'),
(210, 84, '2.0 TDI Quattro'),
(211, 84, '2.0 TDI Quattro Design'),
(212, 84, '2.0 TDI Quattro Dynamic'),
(213, 84, '2.0 TDI Quattro Sport'),
(214, 84, '2.0 TFSI'),
(215, 84, '2.0 TFSI Quattro'),
(216, 84, '3.0 TDI Quattro'),
(217, 85, 'Quattro'),
(218, 85, 'Quattro Long'),
(219, 86, 'Quattro Long'),
(220, 87, 'Quattro Long'),
(221, 91, 'Quattro'),
(222, 91, 'Quattro Long'),
(223, 95, 'FSI Quattro'),
(224, 95, 'Quattro'),
(225, 95, 'Quattro Long'),
(226, 96, 'Quattro'),
(227, 96, 'Quattro Long'),
(228, 100, 'Quattro'),
(229, 100, 'Quattro R-tronic'),
(230, 101, 'Quattro R-tronic'),
(231, 106, '1.8 T Quattro'),
(232, 106, '2.0 TFSI Quattro'),
(233, 107, '3.0 TFSI Quattro'),
(234, 108, '3.0 TFSI Quattro'),
(235, 108, '4.2 FSI Quattro'),
(236, 109, '3.0 TDI Quattro'),
(237, 110, 'Quattro'),
(238, 160, 'Acteco Forza'),
(239, 160, 'Acteco Lusso'),
(240, 160, 'Acteco Norma'),
(241, 163, 'Forza'),
(242, 163, 'Lusso'),
(243, 167, 'LS'),
(244, 167, 'S'),
(245, 167, 'SE'),
(246, 167, 'SX'),
(247, 168, 'LS'),
(248, 168, 'LT'),
(249, 168, 'LTZ'),
(250, 169, 'LS'),
(251, 169, 'LT'),
(252, 169, 'LTZ'),
(253, 169, 'S'),
(254, 169, 'SE'),
(255, 169, 'SX'),
(256, 184, 'LT'),
(257, 184, 'LTZ'),
(258, 184, 'Sport'),
(259, 184, 'Sport Plus'),
(260, 185, '1.6'),
(261, 185, 'Design Edition'),
(262, 185, 'Design Edition Plus'),
(263, 185, 'LS'),
(264, 185, 'LS Plus'),
(265, 185, 'LT'),
(266, 185, 'LT Plus'),
(267, 185, 'Sport'),
(268, 185, 'Sport Plus'),
(269, 185, 'WTCC Edition'),
(270, 185, 'wtcc Edition Plus'),
(271, 186, 'LT'),
(272, 186, 'LTZ'),
(273, 193, 'S'),
(274, 194, 'SE'),
(275, 195, 'CDX'),
(276, 195, 'SX'),
(277, 195, 'WTCC'),
(278, 196, 'CDX'),
(279, 196, 'SE'),
(280, 196, 'SX'),
(281, 196, 'WTCC'),
(282, 198, 'S'),
(283, 198, 'SE'),
(284, 199, 'LS'),
(285, 199, 'SE'),
(286, 199, 'SX'),
(287, 200, 'LS'),
(288, 200, 'LT'),
(289, 200, 'LTZ');

INSERT INTO vehicle_catalog_trims (id, alt_model_id, model_id, name, body_type, fuel_type, transmission, engine_power, engine_displacement) VALUES
(1, 1, 4, NULL, 'Sedan', 'Benzinli', 'Otomatik', '280', 1995),
(2, 2, 4, NULL, 'Sedan', 'Benzinli', 'Otomatik', '280', 1995),
(3, 3, 5, NULL, 'Sedan', 'Benzinli', 'Otomatik', '200', 1995),
(4, 4, 5, NULL, 'Sedan', 'Benzinli', 'Otomatik', '280', 1995),
(5, 5, 7, NULL, 'Hp 5 Kapı', 'Benzinli', 'Manuel', '120', 1368),
(6, 6, 7, NULL, 'Hp 5 Kapı', 'Benzinli', 'Otomatik', '170', 1368),
(7, 7, 7, NULL, 'Hp 5 Kapı', 'Benzinli', 'Otomatik', '170', 1368),
(8, 8, 7, NULL, 'Hp 5 Kapı', 'Benzinli', 'Otomatik', '170', 1368),
(9, 9, 7, NULL, 'Hp 5 Kapı', 'Benzinli', 'Manuel', '120', 1368),
(10, 10, 8, NULL, 'Hp 5 Kapı', 'Dizel', 'Manuel', '105', 1598),
(11, 11, 8, NULL, 'Hp 5 Kapı', 'Dizel', 'Otomatik', '120', 1598),
(12, 12, 8, NULL, 'Hp 5 Kapı', 'Dizel', 'Otomatik', '120', 1598),
(13, 13, 8, NULL, 'Hp 5 Kapı', 'Dizel', 'Manuel', '105', 1598),
(14, 14, 8, NULL, 'Hp 5 Kapı', 'Dizel', 'Otomatik', '120', 1598),
(15, 15, 8, NULL, 'Hp 5 Kapı', 'Dizel', 'Otomatik', '120', 1598),
(16, 16, 8, NULL, 'Hp 5 Kapı', 'Dizel', 'Otomatik', '120', 1598),
(17, 17, 9, NULL, 'Hp 5 Kapı', 'Benzinli', 'Manuel', '235', 1742),
(18, 18, 10, NULL, 'Hp 3 Kapı', 'Benzin & Lpg', 'Manuel', '103', 1370),
(19, 19, 11, NULL, 'Hp 3 Kapı', 'Benzin & Lpg', 'Manuel', '103', 1596),
(20, 20, 11, NULL, 'Hp 3 Kapı', 'Benzin & Lpg', 'Manuel', '103', 1596),
(21, 21, 11, NULL, 'Hp 3 Kapı', 'Benzin & Lpg', 'Manuel', '120', 1598),
(22, 22, 13, NULL, 'Hp 3 Kapı', 'Benzinli', 'Manuel', '155', 1970),
(23, 23, 13, NULL, 'Hp 3 Kapı', 'Benzin & Lpg', 'Manuel', '150', 1970),
(24, 24, 14, NULL, 'Hp 5 Kapı', 'Benzin & Lpg', 'Manuel', '103', 1370),
(25, 25, 14, NULL, 'Hp 5 Kapı', 'Benzin & Lpg', 'Manuel', '103', 1370),
(26, 26, 15, NULL, 'Hp 5 Kapı', 'Benzin & Lpg', 'Manuel', '101', 1601-1800),
(27, 27, 15, NULL, 'Hp 5 Kapı', 'Benzin & Lpg', 'Manuel', '101', 1601-1800),
(28, 28, 16, NULL, 'Hp 5 Kapı', 'Benzin & Lpg', 'Manuel', '150', 1900),
(29, 29, 17, NULL, 'Hp 5 Kapı', 'Benzinli', 'Manuel', '105', 1598),
(30, 30, 17, NULL, 'Hp 5 Kapı', 'Benzin & Lpg', 'Manuel', '105', 1598),
(31, 31, 17, NULL, 'Hp 5 Kapı', 'Benzin & Lpg', 'Manuel', '120', 1598),
(32, 32, 17, NULL, 'Hp 5 Kapı', 'Benzin & Lpg', 'Manuel', '120', 1598),
(33, 33, 18, NULL, 'Hp 3 Kapı', 'Dizel', 'Manuel', '150', 1910),
(34, 34, 19, NULL, 'Hp 3 Kapı', 'Benzinli', 'Manuel', '150', 1970),
(35, 35, 19, NULL, 'Hp 5 Kapı', 'Benzin & Lpg', 'Otomatik', '150', 1970),
(36, 36, 20, NULL, 'Sedan', 'Benzin & Lpg', 'Manuel', '150', 1970),
(37, 37, 20, NULL, 'Sedan', 'Benzin & Lpg', 'Manuel', '150', 1970),
(38, 38, 21, NULL, 'Sedan', 'Benzin & Lpg', 'Manuel', '120', 1598),
(39, 39, 21, NULL, 'Sedan', 'Benzin & Lpg', 'Manuel', '120', 1598),
(40, 40, 21, NULL, 'Sedan', 'Benzin & Lpg', 'Manuel', '120', 1598),
(41, 41, 22, NULL, 'Sedan', 'Dizel', 'Manuel', '101', 1801-2000),
(42, 42, 22, NULL, 'Station Wagon', 'Dizel', 'Manuel', '126', 1801-2000),
(43, 43, 23, NULL, 'Sedan', 'Benzin & Lpg', 'Otomatik', '165', 1970),
(44, 44, 24, NULL, 'Sedan', 'Benzin & Lpg', 'Otomatik', '155', 1970),
(45, 45, 24, NULL, 'Sedan', 'Benzinli', 'Manuel', '150', 1970),
(46, 46, 24, NULL, 'Sedan', 'Benzinli', 'Otomatik', '155', 1970),
(47, 47, 25, NULL, 'Sedan', 'Benzinli', 'Manuel', '190', 2492),
(48, 48, 26, NULL, 'Sedan', 'Dizel', 'Manuel', '150', 1910),
(49, 49, 26, NULL, 'Sedan', 'Dizel', 'Manuel', '150', 1910),
(50, 50, 26, NULL, 'Sedan', 'Dizel', 'Otomatik', '150', 1910),
(51, 51, 27, NULL, 'Sedan', 'Benzinli', 'Manuel', '160', 1859),
(52, 52, 28, NULL, 'Sedan', 'Benzinli', 'Manuel', '260', 3195),
(53, 53, 29, NULL, 'Sedan', 'Benzin & Lpg', 'Manuel', '205', 1996),
(54, 54, 30, NULL, 'Hp 5 Kapı', 'Benzinli', 'Manuel', '94', 1490),
(55, 55, 31, NULL, 'Hp 5 Kapı', 'Benzinli', 'Manuel', '132', 1712),
(56, 56, 33, NULL, 'Coupe', 'Benzinlik', 'Manuel', '185', 2198),
(57, 57, 34, NULL, 'Coupe', 'Dizel', 'Manuel', '150', 1910),
(58, 58, 35, NULL, 'Coupe', 'Benzinli', 'Otomatik', '165', 1970),
(59, 59, 36, NULL, 'Coupe', 'Benzinli', 'Manuel', '200', 1996),
(60, 60, 37, NULL, 'Hp 3 Kapı', 'Dizel', 'Manuel', '85', 1248),
(61, 61, 38, NULL, 'Hp 3 Kapı', 'Benzinli', 'Manuel', '155', 1300),
(62, 62, 38, NULL, 'Hp 3 Kapı', 'Benzinli', 'Manuel', '170', 1368),
(63, 63, 38, NULL, 'Hp 3 Kapı', 'Benzinli', 'Otomatik', '135', 1368),
(64, 64, 38, NULL, 'Hp 3 Kapı', 'Benzinli', 'Otomatik', '126', 1201-1600),
(65, 65, 38, NULL, 'Hp 3 Kapı', 'Benzinli', 'Manuel', '155', 1368),
(66, 66, 39, NULL, 'Hp 3 Kapı', 'Dizel', 'Manuel', '120', 1598),
(67, 67, 39, NULL, 'Hp 3 Kapı', 'Dizel', 'Manuel', '120', 1598),
(68, 68, 63, NULL, 'Hp 3 Kapı', 'Benzinli', 'Otomatik', '122', 1390),
(69, 69, 63, NULL, 'Hp 3 Kapı', 'Benzinli', 'Otomatik', '122', 1390),
(70, 70, 64, NULL, 'Hp 5 Kapı', 'Dizel', 'Otomatik', '90', 1598),
(71, 71, 64, NULL, 'Hp 5 Kapı', 'Dizel', 'Otomatik', '90', 1598),
(72, 72, 64, NULL, 'Hp 5 Kapı', 'Dizel', 'Otomatik', '76', 1301-1600),
(73, 73, 64, NULL, 'Hp 5 Kapı', 'Dizel', 'Otomatik', '116', 1598),
(74, 74, 66, 'Design', 'Cabrio', 'Benzinli', 'Otomatik', '150', 1498),
(75, 74, 66, 'Sport', 'Cabrio', 'Benzinli', 'Otomatik', '150', 1498),
(76, 75, 66, NULL, 'Cabrio', 'Benzinli', 'Manuel', '105', 1197),
(77, 76, 66, 'Ambiente', 'Cabrio', 'Benzinli', 'Otomatik', '150', 1395),
(78, 77, 67, 'Ambition', 'Cabrio', 'Benzinli', 'Otomatik', '150', 1395),
(79, 78, 68, 'Attaction', 'Cabrio', 'Benzinli', 'Otomatik', '140', 1395),
(80, 79, 69, 'Sport Line', 'Cabrio', 'Benzinli', 'Otomatik', '150', 1395),
(81, 80, 66, 'Design Line', 'Cabrio', 'Benzinli', 'Otomatik', '150', 1498),
(82, 80, 66, 'Sport Line', 'Cabrio', 'Benzinli', 'Otomatik', '150', 1498),
(83, 81, 66, NULL, 'Cabrio', 'Benzinli', 'Manuel', '102', 1595),
(84, 82, 66, NULL, 'Cabrio', 'Benzinli', 'Otomatik', '160', 1798),
(85, 83, 66, NULL, 'Cabrio', 'Dizel', 'Otomatik', '140', 1968),
(86, 84, 70, '1.4 TFSI', 'Hp 3 Kapı', 'Benzinli', 'Otomatik', '125', 1390),
(87, 84, 70, 'Ambiente', 'Hp 3 Kapı', 'Benzinli', 'Otomatik', '125', 1390),
(88, 84, 70, 'Ambition', 'Hp 3 Kapı', 'Benzinli', 'Otomatik', '125', 1390),
(89, 84, 70, 'Attaction', 'Hp 3 Kapı', 'Benzinli', 'Manuel', '125', 1390),
(90, 84, 70, 'Sport Line', 'Hp 5 Kapı', 'Benzinli', 'Otomatik', '126', 1301-1600),
(91, 85, 70, '1.6', 'Hp 3 Kapı', 'Benzin & Lpg', 'Manuel', '102', 1595),
(92, 85, 70, 'Ambiente', 'Hp 3 Kapı', 'Benzinli', 'Otomatik', '101', 1595),
(93, 85, 70, 'Ambition', 'Hp 3 Kapı', 'Benzinli', 'Otomatik', '102', 1595),
(94, 85, 70, 'Attaction', 'Hp 3 Kapı', 'Benzin & Lpg', 'Manuel', '102', 1595),
(95, 86, 70, '1.6 FSI', 'Hp 3 Kapı', 'Benzinli', 'Manuel', '115', 1595),
(96, 87, 70, 'Ambiente', 'Hp 3 Kapı', 'Dizel', 'Otomatik', '105', 1598),
(97, 87, 70, 'Ambition', 'Hp 3 Kapı', 'Dizel', 'Otomatik', '101', 1301-1600),
(98, 87, 70, 'Attaction', 'Hp 3 Kapı', 'Dizel', 'Otomatik', '105', 1598),
(99, 88, 70, 'Ambiente', 'Hp 3 Kapı', 'Benzin & Lpg', 'Manuel', '125', 1781),
(100, 89, 71, 'Ambition', 'Hp 5 Kapı', 'Benzin & Lpg', 'Otomatik', '101', 1601-1800),
(101, 90, 72, 'Attaction', 'Hp 5 Kapı', 'Benzin & Lpg', 'Otomatik', '126', 1301-1600),
(102, 91, 70, 'Attaction', 'Hp 5 Kapı', 'Benzin & Lpg', 'Manuel', '105', 1896),
(103, 91, 70, 'S - Line', 'Hp 5 Kapı', 'Dizel', 'Manuel', '176', 1801-2000),
(104, 92, 70, 'Ambition', 'hp 3 Kapı', 'Benzinli', 'Otomatik', NULL, NULL),
(105, 93, 70, '2.0 TDI', 'hp 3 Kapı', 'Dizel', 'Manuel', '140', 1968),
(106, 94, 73, 'Design', 'Sedan', 'Dizel', 'Otomatik', '116', 1598),
(107, 94, 73, 'Dynamic', 'Sedan', 'Dizel', 'Otomatik', '116', 1598),
(108, 94, 73, 'Sport', 'Sedan', 'Dizel', 'Otomatik', '116', 1598),
(109, 95, 73, 'Advanced', 'Sedan', 'Hibrit', 'Otomatik', '110', 999),
(110, 95, 73, 'Dynamic', 'Sedan', 'Benzinli', 'Otomatik', '116', 999),
(111, 95, 73, 'S Line', 'Sedan', 'Hibrit', 'Otomatik', '110', 999),
(112, 96, 73, '35 TFSI', 'Sedan', 'Benzinli', 'Otomatik', '126', 1601-1800),
(113, 96, 73, 'Advanced', 'Sedan', 'Benzinli', 'Otomatik', '150', 1498),
(114, 96, 73, 'Design', 'Sedan', 'Benzinli', 'Otomatik', '150', 1498),
(115, 96, 73, 'Dynamic', 'Sedan', 'Benzinli', 'Otomatik', '150', 1498),
(116, 96, 73, 'S Line', 'Sedan', 'Hibrit', 'Otomatik', '126', 1301-1600),
(117, 96, 73, 'Sport', 'Sedan', 'Benzinli', 'Otomatik', '126', 1301-1600),
(118, 97, 73, '1.0 TFSI', 'Sedan', 'Benzinli', 'Otomatik', '101', 1300),
(119, 97, 73, 'Design Line', 'Sedan', 'Benzinli', 'Otomatik', '116', 999),
(120, 97, 73, 'Dynamic', 'Sedan', 'Benzinli', 'Otomatik', '116', 999),
(121, 97, 73, 'Sport Line', 'Sedan', 'Benzinli', 'Otomatik', '116', 999),
(122, 98, 73, 'Ambiente', 'Sedan', 'Benzinli', 'Manuel', '110', 1197),
(123, 98, 73, 'Ambition', 'Sedan', 'Benzinli', 'Manuel', '110', 1197),
(124, 98, 73, 'Attraction', 'Sedan', 'Benzinli', 'Manuel', '110', 1197),
(125, 99, 73, 'Ambiente', 'Sedan', 'Benzinli', 'Otomatik', '140', 1395),
(126, 99, 73, 'Ambition', 'Sedan', 'Benzinli', 'Otomatik', '140', 1395),
(127, 99, 73, 'Attraction', 'Sedan', 'Benzinli', 'Otomatik', '140', 1395),
(128, 100, 73, 'Design Line', 'Sedan', 'Benzinli', 'Otomatik', '150', 1498),
(129, 100, 73, 'Dynamic', 'Sedan', 'Benzinli', 'Otomatik', '150', 1498),
(130, 100, 73, 'Sport Line', 'Sedan', 'Benzinli', 'Otomatik', '150', 1498),
(131, 101, 73, '1.6 TDI', 'Sedan', 'Dizel', 'Otomatik', '101', 1301-1600),
(132, 101, 73, 'Ambiente', 'Sedan', 'Dizel', 'Otomatik', '110', 1598),
(133, 101, 73, 'Ambition', 'Sedan', 'Dizel', 'Otomatik', '110', 1598),
(134, 101, 73, 'Attraction', 'Sedan', 'Dizel', 'Otomatik', '110', 1598),
(135, 101, 73, 'Design Line', 'Sedan', 'Dizel', 'Otomatik', '110', 1598),
(136, 101, 73, 'Dynamic', 'Sedan', 'Dizel', 'Otomatik', '116', 1598),
(137, 101, 73, 'S Line', 'Sedan', 'Dizel', 'Otomatik', '101', 1301-1600),
(138, 101, 73, 'Sport Line', 'Sedan', 'Dizel', 'Otomatik', '101', 1301-1600),
(139, 102, 74, 'Design', 'Hp 5 Kapı', 'Dizel', 'Otomatik', '116', 1598),
(140, 102, 74, 'Dynamic', 'Hp 5 Kapı', 'Dizel', 'Otomatik', '116', 1598),
(141, 102, 74, 'Sport', 'Hp 5 Kapı', 'Dizel', 'Otomatik', '116', 1598),
(142, 103, 74, 'Advanced', 'Hp 5 Kapı', 'Benzinli', 'Otomatik', '110', 999),
(143, 103, 74, 'Dynamic', 'Hp 5 Kapı', 'Benzinli', 'Otomatik', '116', 999),
(144, 103, 74, 'S Line', 'Hp 5 Kapı', 'Benzinli', 'Otomatik', '110', 999),
(145, 104, 74, 'Advanced', 'Hp 5 Kapı', 'Benzinli', 'Otomatik', '150', 1498),
(146, 105, 75, 'All Street', 'Hp 5 Kapı', 'Benzinli', 'Otomatik', '150', 1498),
(147, 104, 74, 'Design', 'Hp 5 Kapı', 'Benzinli', 'Otomatik', '150', 1498),
(148, 104, 74, 'Dynamic', 'Hp 5 Kapı', 'Benzinli', 'Otomatik', '150', 1498),
(149, 104, 74, 'S Line', 'Hp 5 Kapı', 'Benzinli', 'Otomatik', '150', 1498),
(150, 104, 74, 'Sport', 'Hp 5 Kapı', 'Benzinli', 'Otomatik', '150', 1498),
(151, 106, 74, 'Design Line', 'Hp 5 Kapı', 'Benzinli', 'Otomatik', '116', 999),
(152, 106, 74, 'Dynamic', 'Hp 5 Kapı', 'Benzinli', 'Otomatik', '116', 999),
(153, 106, 74, 'Sport Line', 'Hp 5 Kapı', 'Benzinli', 'Otomatik', '116', 999),
(154, 107, 74, 'Ambiente', 'Hp 5 Kapı', 'Benzinli', 'Manuel', '110', 1197),
(155, 107, 74, 'Attraction', 'Hp 5 Kapı', 'Benzinli', 'Manuel', '110', 1197),
(156, 108, 74, '1.4 TFSI', 'Hp 5 Kapı', 'Benzinli', 'Manuel', '125', 1390),
(157, 108, 74, 'Ambiente', 'Hp 5 Kapı', 'Benzinli', 'Otomatik', '125', 1395),
(158, 108, 74, 'Ambition', 'Hp 5 Kapı', 'Benzinli', 'Otomatik', '125', 1390),
(159, 108, 74, 'Attraction', 'Hp 5 Kapı', 'Benzinli', 'Otomatik', '125', 1390),
(160, 108, 74, 'Sport Line', 'Hp 5 Kapı', 'Benzinli', 'Manuel', '101', 1601-1800),
(161, 109, 74, 'Dynamic', 'Hp 5 Kapı', 'Benzinli', 'Otomatik', '150', 1498),
(162, 109, 74, 'Sport Line', 'Hp 5 Kapı', 'Benzinli', 'Otomatik', '126', 1301-1600),
(163, 110, 74, '1.6', 'Hp 5 Kapı', 'Benzinli', 'Otomatik', '102', 1595),
(164, 110, 74, 'Ambiente', 'Hp 5 Kapı', 'Benzin & Lpg', 'Otomatik', '102', 1595),
(165, 110, 74, 'Ambition', 'Hp 5 Kapı', 'Benzin & Lpg', 'Otomatik', '102', 1595),
(166, 110, 74, 'Attraction', 'Hp 5 Kapı', 'Benzin & Lpg', 'Otomatik', '102', 1595),
(167, 111, 74, NULL, 'Hp 5 Kapı', 'Benzinli', 'Manuel', '76', 1301-1600),
(168, 112, 74, 'Standart', 'Hp 5 Kapı', 'Dizel', 'Otomatik', '110', 1598),
(169, 112, 74, 'Ambiente', 'Hp 5 Kapı', 'Dizel', 'Otomatik', '105', 1598),
(170, 112, 74, 'Ambition', 'Hp 5 Kapı', 'Dizel', 'Otomatik', '110', 1598),
(171, 112, 74, 'Attraction', 'Hp 5 Kapı', 'Dizel', 'Otomatik', '110', 1598),
(172, 112, 74, 'Design Line', 'Hp 5 Kapı', 'Dizel', 'Otomatik', '116', 1598),
(173, 112, 74, 'Dynamic', 'Hp 5 Kapı', 'Dizel', 'Otomatik', '116', 1598),
(174, 112, 74, 'Sport Line', 'Hp 5 Kapı', 'Dizel', 'Otomatik', '116', 1598),
(175, 113, 74, 'Ambiente', 'Hp 5 Kapı', 'Benzin & Lpg', 'Manuel', '125', 1781),
(176, 114, 74, 'Ambiente', 'Hp 5 Kapı', 'Benzin & Lpg', 'Manuel', '150', 1781),
(177, 115, 74, 'Ambition', 'Hp 5 Kapı', 'Benzinli', 'Otomatik', '160', 1798),
(178, 115, 74, 'Attraction', 'Hp 5 Kapı', 'Benzinli', 'Otomatik', '160', 1798),
(179, 116, 74, '1.9 TDI', 'Hp 5 Kapı', 'Dizel', 'Manuel', '126', 1801-2000),
(180, 116, 74, 'Attraction', 'Hp 5 Kapı', 'Dizel', 'Manuel', '101', 1801-2000),
(181, 117, 74, 'Ambition', 'Hp 5 Kapı', 'Benzin & Lpg', 'Otomatik', '150', 1984),
(182, 118, 74, '2.0 TDI', 'Hp 5 Kapı', 'Dizel', 'Manuel', '140', 1968),
(183, 118, 74, 'Ambition', 'Hp 5 Kapı', 'Dizel', 'Manuel', '140', 1968),
(184, 118, 74, 'Ambition Qutro', 'Hp 5 Kapı', 'Dizel', 'Manuel', '140', 1968),
(185, 119, 74, 'Ambition Qutro', 'Hp 3 Kapı', 'Benzinli', 'Manuel', '251', 3001-3500),
(186, 120, 76, 'Quattro Advanced', 'Station Wagon', 'Dizel', 'Otomatik', '204', 1968),
(187, 120, 76, 'Quttro S Line', 'Station Wagon', 'Dizel', 'Otomatik', '204', 1968),
(188, 121, 76, NULL, 'Station Wagon', 'Benzinli', 'Otomatik', '150', 1395),
(189, 122, 76, NULL, 'Station Wagon', 'Benzin & Lpg', 'Manuel', '102', 1595),
(190, 123, 76, NULL, 'Station Wagon', 'Benzinli', 'Manuel', '101', 1801-2000),
(191, 124, 76, NULL, 'Station Wagon', 'Benzin & Lpg', 'Manuel', '126', 1601-1800),
(192, 125, 76, NULL, 'Sedan', 'Benzinli', 'Manuel', '151', 1601-1800),
(193, 126, 76, NULL, 'Station Wagon', 'Dizel', 'Manuel', '126', 1801-2000),
(194, 127, 76, NULL, 'Station Wagon', 'Benzin & Lpg', 'Manuel', '126', 1801-2000),
(195, 128, 76, NULL, 'Station Wagon', 'Dizel', 'Otomatik', '150', 1968),
(196, 129, 76, NULL, 'Station Wagon', 'Dizel', 'Otomatik', '190', 1968),
(197, 130, 76, NULL, 'Station Wagon', 'Dizel', 'Otomatik', '190', 1968),
(198, 131, 76, NULL, 'Station Wagon', 'Dizel', 'Otomatik', '190', 1968),
(199, 132, 76, NULL, 'Station Wagon', 'Dizel', 'Otomatik', '190', 1968),
(200, 133, 76, NULL, 'Station Wagon', 'Benzinli', 'Otomatik', '200', 1984),
(201, 134, 76, NULL, 'Station Wagon', 'Dizel', 'Manuel', '163', 2496),
(202, 135, 76, NULL, 'Station Wagon', 'Dizel', 'Otomatik', '150', 2496),
(203, 136, 76, NULL, 'Station Wagon', 'Dizel', 'Manuel', '176', 2500-3000),
(204, 137, 76, NULL, 'Station Wagon', 'Benzinli', 'Otomatik', '220', 2976),
(205, 138, 77, NULL, 'Cabrio', 'Benzinli', 'Otomatik', '163', 1781),
(206, 139, 77, NULL, 'Cabrio', 'Benzinli', 'Otomatik', '200', 1984),
(207, 140, 77, NULL, 'Cabrio', 'Dizel', 'Otomatik', '151', 2001-2500),
(208, 141, 77, NULL, 'Cabrio', 'Benzin & Lpg', 'Otomatik', '220', 2976),
(209, 142, 77, NULL, 'Cabrio', 'Benzinli', 'Otomatik', '151', 2500-3000),
(210, 143, 78, 'Advanced', 'Sedan', 'Dizel', 'Otomatik', '204', 1968),
(211, 143, 78, 'Quattro Advanced', 'Sedan', 'Dizel', 'Otomatik', '204', 1968),
(212, 143, 78, 'Design', 'Sedan', 'Dizel', 'Otomatik', '190', 1968),
(213, 143, 78, 'S Line', 'Sedan', 'Dizel', 'Otomatik', '190', 1968),
(214, 143, 78, 'Quattro S Line', 'Sedan', 'Dizel', 'Otomatik', '204', 1968),
(215, 143, 78, 'Sport', 'Sedan', 'Dizel', 'Otomatik', '176', 1801-2000),
(216, 144, 78, 'Quattro Advanced', 'Sedan', 'Benzinli', 'Otomatik', '245', 1984),
(217, 144, 78, 'Quatro Design', 'Sedan', 'Benzinli', 'Otomatik', '245', 1984),
(218, 144, 78, 'Quattro S Line', 'Sedan', 'Benzinli', 'Otomatik', '265', 1984),
(219, 145, 78, NULL, 'Sedan', 'Benzinli', 'Otomatik', '150', 1395),
(220, 146, 78, NULL, 'Sedan', 'Benzinli', 'Otomatik', '150', 1395),
(221, 147, 78, NULL, 'Sedan', 'Benzinli', 'Otomatik', '150', 1395),
(222, 148, 78, NULL, 'Sedan', 'Benzinli', 'Otomatik', '150', 1395),
(223, 149, 78, NULL, 'Sedan', 'Benzin & Lpg', 'Manuel', '102', 1595),
(224, 150, 78, NULL, 'Sedan', 'Benzin & Lpg', 'Manuel', '125', 1781),
(225, 151, 78, NULL, 'Sedan', 'Benzin & Lpg', 'Manuel', '151', 1601-1800),
(226, 152, 78, NULL, 'Sedan', 'Benzin & Lpg', 'Otomatik', '163', 1781),
(227, 153, 78, NULL, 'Sedan', 'Benzinli', 'Otomatik', '120', 1789),
(228, 154, 78, NULL, 'Sedan', 'Benzin & Lpg', 'Manuel', '150', 1781),
(229, 155, 78, NULL, 'Sedan', 'Dizel', 'Manuel', '130', 1896),
(230, 156, 78, NULL, 'Sedan', 'Dizel', 'Manuel', '115', 1896),
(231, 157, 78, NULL, 'Sedan', 'Benzinli', 'Otomatik', '130', 1984),
(232, 158, 78, NULL, 'Sedan', 'Dizel', 'Otomatik', '177', 1968),
(233, 159, 78, NULL, 'Sedan', 'Dizel', 'Otomatik', '190', 1968),
(234, 160, 78, NULL, 'Sedan', 'Dizel', 'Otomatik', '190', 1968),
(235, 161, 78, NULL, 'Sedan', 'Dizel', 'Otomatik', '176', 2001-2500),
(236, 162, 78, NULL, 'Sedan', 'Dizel', 'Otomatik', '190', 1968),
(237, 163, 78, NULL, 'Sedan', 'Dizel', 'Otomatik', '190', 1968),
(238, 164, 78, NULL, 'Sedan', 'Dizel', 'Otomatik', '190', 1968),
(239, 165, 78, NULL, 'Sedan', 'Dizel', 'Otomatik', '190', 1968),
(240, 166, 78, NULL, 'Sedan', 'Dizel', 'Otomatik', '190', 1968),
(241, 167, 78, NULL, 'Sedan', 'Benzin & Lpg', 'Otomatik', '200', 1984),
(242, 168, 78, NULL, 'Sedan', 'Benzinli', 'Otomatik', '200', 1984),
(243, 169, 78, NULL, 'Sedan', 'Benzinli', 'Otomatik', '201', 1801-2000),
(244, 170, 78, NULL, 'Sedan', 'Benzinli', 'Otomatik', '170', 2393),
(245, 171, 78, NULL, 'Sedan', 'Dizel', 'Manuel', '163', 2496),
(246, 172, 78, NULL, 'Sedan', 'Dizel', 'Otomatik', '180', 2496),
(247, 173, 78, NULL, 'Sedan', 'Benzin & Lpg', 'Otomatik', '150', 2598),
(248, 174, 78, NULL, 'Sedan', 'Dizel', 'Otomatik', '190', 2698),
(249, 175, 78, NULL, 'Sedan', 'Benzin & Lpg', 'Manuel', '193', 2771),
(250, 176, 78, NULL, 'Sedan', 'Benzin & Lpg', 'Manuel', '220', 2996),
(251, 177, 78, NULL, 'Sedan', 'Dizel', 'Otomatik', '226', 2501-3000),
(252, 178, 79, NULL, 'Station Wagon', 'Dizel', 'Otomatik', '201', 1801-2000),
(253, 179, 79, NULL, 'Station Wagon', 'Hibrit', 'Otomatik', '265', 1984),
(254, 180, 79, NULL, 'Station Wagon', 'Dizel', 'Otomatik', '177', 1968),
(255, 181, 79, NULL, 'Sedan', 'Benzinli', 'Otomatik', '251', 2001-2500),
(256, 182, 80, NULL, 'Station Wagon', 'Dizel', 'Otomatik', '204', 1968),
(257, 183, 81, 'Quattro S Line', 'Cabrio', 'Dizel', 'Otomatik', '204', 1968),
(258, 184, 81, 'Quattro S Line', 'Cabrio', 'Benzinli', 'Otomatik', '265', 1984),
(259, 185, 81, NULL, 'Cabrio', 'Benzinli', 'Otomatik', '151', 1601-1800),
(260, 186, 81, NULL, 'Cabrio', 'Benzinli', 'Otomatik', '211', 1984),
(261, 187, 82, 'Quattro Advanced', 'Coupe', 'Dizel', 'Otomatik', '190', 1968),
(262, 187, 82, 'Quattro S Line', 'Coupe', 'Dizel', 'Otomatik', '226', 1801-2000),
(263, 188, 82, 'Quattro S Line', 'Coupe', 'Benzinli', 'Otomatik', '265', 1984),
(264, 189, 82, NULL, 'Coupe', 'Benzinli', 'Otomatik', '150', 1395),
(265, 190, 82, NULL, 'Coupe', 'Benzinli', 'Otomatik', '150', 1395),
(266, 191, 82, NULL, 'Coupe', 'Benzinli', 'Otomatik', '170', 1798),
(267, 192, 82, NULL, 'Coupe', 'Benzinli', 'Manuel', '176', 1801-2000),
(268, 193, 82, NULL, 'Coupe', 'Dizel', 'Otomatik', '177', 1968),
(269, 194, 82, NULL, 'Coupe', 'Dizel', 'Otomatik', '190', 1968),
(270, 195, 82, NULL, 'Coupe', 'Benzinli', 'Otomatik', '211', 1984),
(271, 196, 82, NULL, 'Coupe', 'Benzinli', 'Otomatik', '211', 1984),
(272, 197, 82, NULL, 'Coupe', 'Dizel', 'Otomatik', '190', 2698),
(273, 198, 82, NULL, 'Coupe', 'Dizel', 'Otomatik', '240', 2967),
(274, 199, 82, NULL, 'Coupe', 'Benzinli', 'Otomatik', '265', 3197),
(275, 200, 83, NULL, 'Sedan', 'Dizel', 'Otomatik', '204', 1968),
(276, 201, 83, NULL, 'Sedan', 'Benzinli', 'Otomatik', '204', 1984),
(277, 202, 83, NULL, 'Sedan', 'Benzinli', 'Otomatik', '204', 1984),
(278, 203, 84, 'Quattro Advance', 'Hp 5 Kapı', 'Hibrit', 'Otomatik', '204', 1968),
(279, 203, 84, 'Quattro Design', 'Hp 5 Kapı', 'Dizel', 'Otomatik', '190', 1968),
(280, 203, 84, 'Quatro S Line', 'Hp 5 Kapı', 'Dizel', 'Otomatik', '204', 1968),
(281, 203, 84, 'Quattro Sport', 'Hp 5 Kapı', 'Dizel', 'Otomatik', '190', 1968),
(282, 204, 84, 'Quattro Advance', 'Hp 5 Kapı', 'Benzinli', 'Otomatik', '265', 1984),
(283, 204, 84, 'Quatro S Line', 'Hp 5 Kapı', 'Dizel', 'Otomatik', '265', 1984),
(284, 205, 84, NULL, 'Hp 5 Kapı', 'Benzinli', 'Otomatik', '150', 1395),
(285, 206, 84, NULL, 'Hp 5 Kapı', 'Benzinli', 'Otomatik', '150', 1395),
(286, 207, 84, NULL, 'Hp 5 Kapı', 'Benzinli', 'Otomatik', '150', 1395),
(287, 208, 84, NULL, 'Hp 5 Kapı', 'Benzinli', 'Otomatik', '160', 1798),
(288, 209, 84, NULL, 'Hp 5 Kapı', 'Dizel', 'Otomatik', '176', 1801-2000),
(289, 210, 84, NULL, 'Hp 5 Kapı', 'Dizel', 'Otomatik', '190', 1968),
(290, 211, 84, NULL, 'Hp 5 Kapı', 'Dizel', 'Otomatik', '190', 1968),
(291, 212, 84, NULL, 'Hp 5 Kapı', 'Dizel', 'Otomatik', '190', 1968),
(292, 213, 84, NULL, 'Hp 5 Kapı', 'Dizel', 'Otomatik', '190', 1968),
(293, 214, 84, NULL, 'Hp 5 Kapı', 'Benzin & Lpg', 'Otomatik', '180', 1984),
(294, 215, 84, NULL, 'Hp 5 Kapı', 'Benzinli', 'Otomatik', '211', 1984),
(295, 215, 84, 'Sport', 'Hp 5 Kapı', 'Benzinli', 'Otomatik', '252', 1984),
(296, 216, 84, NULL, 'Hp 5 Kapı', 'Dizel', 'Otomatik', '240', 2967),
(297, 217, 85, NULL, NULL, NULL, NULL, NULL, NULL),
(298, 218, 85, NULL, NULL, NULL, NULL, NULL, NULL),
(299, 219, 86, NULL, NULL, NULL, NULL, NULL, NULL),
(300, 220, 87, NULL, NULL, NULL, NULL, NULL, NULL),
(301, 221, 91, NULL, NULL, NULL, NULL, NULL, NULL),
(302, 222, 91, NULL, NULL, NULL, NULL, NULL, NULL),
(303, 223, 95, NULL, NULL, NULL, NULL, NULL, NULL),
(304, 224, 95, NULL, NULL, NULL, NULL, NULL, NULL),
(305, 225, 95, NULL, NULL, NULL, NULL, NULL, NULL),
(306, 226, 96, NULL, NULL, NULL, NULL, NULL, NULL),
(307, 227, 96, NULL, NULL, NULL, NULL, NULL, NULL),
(308, 228, 100, NULL, NULL, NULL, NULL, NULL, NULL),
(309, 229, 100, NULL, NULL, NULL, NULL, NULL, NULL),
(310, 230, 101, NULL, NULL, NULL, NULL, NULL, NULL),
(311, 231, 106, NULL, NULL, NULL, NULL, NULL, NULL),
(312, 232, 106, NULL, NULL, NULL, NULL, NULL, NULL),
(313, 233, 107, NULL, NULL, NULL, NULL, NULL, NULL),
(314, 234, 108, NULL, NULL, NULL, NULL, NULL, NULL),
(315, 235, 108, NULL, NULL, NULL, NULL, NULL, NULL),
(316, 236, 109, NULL, NULL, NULL, NULL, NULL, NULL),
(317, 237, 110, NULL, NULL, NULL, NULL, NULL, NULL),
(318, 238, 160, NULL, 'Sedan', 'Benzin & Lpg', 'Manuel', '110', 1595),
(319, 239, 160, NULL, 'Sedan', 'Benzinli', 'Manuel', '110', 1597),
(320, 240, 160, NULL, 'Sedan', 'Benzinli', 'Manuel', '110', 1597),
(321, 241, 163, NULL, 'Hp 5 Kapı', 'Benzinli', 'Otomatik', '84', 1297),
(322, 242, 163, NULL, 'Hp 5 Kapı', 'Benzinli', 'Otomatik', '84', 1297),
(323, 243, 167, NULL, 'Hp 5 Kapı', 'Benzinli', 'Manuel', '70', 1229),
(324, 244, 167, NULL, 'Sedan', 'Benzin & Lpg', 'Manuel', '72', 1150),
(325, 245, 167, NULL, 'Hp 5 Kapı', 'Benzinli', 'Manuel', '72', 1150),
(326, 246, 167, NULL, 'Hp 5 Kapı', 'Benzinli', 'Manuel', '84', 1206),
(327, 247, 168, NULL, 'Sedan', 'Dizel', 'Manuel', '75', 1248),
(328, 248, 168, NULL, 'Sedan', 'Dizel', 'Manuel', '75', 1248),
(329, 249, 168, NULL, 'Sedan', 'Dizel', 'Manuel', '95', 1248),
(330, 250, 169, NULL, 'Sedan', 'Benzin & Lpg', 'Manuel', '100', 1398),
(331, 251, 169, NULL, 'Sedan', 'Benzinli', 'Otomatik', '100', 1398),
(332, 252, 169, NULL, 'Sedan', 'Benzin & Lpg', 'Otomatik', '100', 1398),
(333, 253, 169, NULL, 'Sedan', 'Benzin & Lpg', 'Manuel', '94', 1399),
(334, 254, 169, NULL, 'Sedan', 'Benzin & Lpg', 'Manuel', '94', 1399),
(335, 255, 169, NULL, 'Sedan', 'Benzin & Lpg', 'Manuel', '94', 1399),
(336, 256, 184, NULL, 'Statino Wagon', 'Benzin & Lpg', 'Manuel', '140', 1362),
(337, 257, 184, NULL, 'Sedan', 'Benzin & Lpg', 'Otomatik', '140', 1362),
(338, 258, 184, NULL, 'Hp 5 Kapı', 'Benzinli', 'Manuel', '140', 1362),
(339, 259, 184, NULL, 'Hp 5 Kapı', 'Benzinli', 'Manuel', '140', 1362),
(340, 260, 185, NULL, 'Sedan', 'Benzin & Lpg', 'Manuel', '124', 1598),
(341, 261, 185, NULL, 'Sedan', 'Benzin & Lpg', 'Manuel', '124', 1598),
(342, 262, 185, NULL, 'Sedan', 'Benzin & Lpg', 'Manuel', '124', 1598),
(343, 263, 185, NULL, 'Sedan', 'Benzin & Lpg', 'Manuel', '113', 1598),
(344, 264, 185, NULL, 'Sedan', 'Benzinli', 'Manuel', '124', 1598),
(345, 265, 185, NULL, 'Sedan', 'Benzin & Lpg', 'Manuel', '124', 1598),
(346, 266, 185, NULL, 'Sedan', 'Benzin & Lpg', 'Manuel', '124', 1598),
(347, 267, 185, NULL, 'Hp 5 Kapı', 'Benzin & Lpg', 'Manuel', '124', 1598),
(348, 268, 185, NULL, 'Sedan', 'Benzin & Lpg', 'Otomatik', '117', 1598),
(349, 269, 185, NULL, 'Sedan', 'Benzin & Lpg', 'Manuel', '124', 1598),
(350, 270, 185, NULL, 'Hp 5 Kapı', 'Benzin & Lpg', 'Manuel', '124', 1598),
(351, 271, 186, NULL, 'Sedan', 'Dizel', 'Otomatik', '163', 1998),
(352, 272, 186, NULL, 'Sedan', 'Dizel', 'Otomatik', '163', 1998),
(353, 273, 193, NULL, 'Hp 5 Kapı', 'Benzin & Lpg', 'Manuel', '72', 1150),
(354, 274, 194, NULL, 'Hp 5 Kapı', 'Benzin & Lpg', 'Manuel', '72', 1150),
(355, 275, 195, NULL, 'Hp 5 Kapı', 'Benzinli', 'Manuel', '109', 1598),
(356, 276, 195, NULL, 'Hp 5 Kapı', 'Benzin & Lpg', 'Manuel', '95', 1399),
(357, 277, 195, NULL, 'Hp 5 Kapı', 'Benzin & Lpg', 'Manuel', '95', 1399),
(358, 278, 196, NULL, 'Hp 5 Kapı', 'Benzin & Lpg', 'Otomatik', '101', 1301-1600),
(359, 279, 196, NULL, 'Hp 5 Kapı', 'Benzin & Lpg', 'Manuel', '109', 1598),
(360, 280, 196, NULL, 'Hp 5 Kapı', 'Benzin & Lpg', 'Otomatik', '109', 1598),
(361, 281, 196, NULL, 'Sedan', 'Benzin & Lpg', 'Otomatik', '109', 1598),
(362, 282, 198, NULL, 'Hp 5 Kapı', 'Benzin & Lpg', 'Manuel', '51', 796),
(363, 283, 198, NULL, 'Hp 5 Kapı', 'Benzinli', 'Manuel', '51', 796),
(364, 284, 199, NULL, 'Hp 5 Kapı', 'Benzinli', 'Manuel', '51', 1300),
(365, 285, 199, NULL, 'Hp 5 Kapı', 'Benzin & Lpg', 'Manuel', '66', 995),
(366, 286, 199, NULL, 'Hp 5 Kapı', 'Benzinli', 'Manuel', '66', 995),
(367, 287, 200, NULL, 'Hp 5 Kapı', 'Benzinli', 'Manuel', '81', 1206),
(368, 288, 200, NULL, 'Hp 5 Kapı', 'Benzinli', 'Manuel', '81', 1206),
(369, 289, 200, NULL, 'Hp 5 Kapı', 'Benzinli', 'Manuel', '82', 1206);

SELECT setval('vehicle_catalog_classes_id_seq', (SELECT COALESCE(MAX(id), 1) FROM vehicle_catalog_classes));
SELECT setval('vehicle_catalog_brands_id_seq', (SELECT COALESCE(MAX(id), 1) FROM vehicle_catalog_brands));
SELECT setval('vehicle_catalog_series_id_seq', (SELECT COALESCE(MAX(id), 1) FROM vehicle_catalog_series));
SELECT setval('vehicle_catalog_models_id_seq', (SELECT COALESCE(MAX(id), 1) FROM vehicle_catalog_models));
SELECT setval('vehicle_catalog_alt_models_id_seq', (SELECT COALESCE(MAX(id), 1) FROM vehicle_catalog_alt_models));
SELECT setval('vehicle_catalog_trims_id_seq', (SELECT COALESCE(MAX(id), 1) FROM vehicle_catalog_trims));
