-- Catalog Migration - Generated from Excel
-- Date: 2026-01-20T20:17:56.852Z
-- Total rows: 497

-- Truncate existing data
TRUNCATE TABLE vehicle_catalog_trims CASCADE;
TRUNCATE TABLE vehicle_catalog_alt_models CASCADE;
TRUNCATE TABLE vehicle_catalog_models CASCADE;
TRUNCATE TABLE vehicle_catalog_series CASCADE;
TRUNCATE TABLE vehicle_catalog_brands CASCADE;
TRUNCATE TABLE vehicle_catalog_classes CASCADE;

-- Classes (Sinif/Kategori)
INSERT INTO vehicle_catalog_classes (id, name, slug) VALUES
(1, 'Otomobil', 'otomobil');

-- Brands
INSERT INTO vehicle_catalog_brands (id, class_id, name, slug) VALUES
(1, 1, 'Abarth', 'abarth'),
(2, 1, 'Aion', 'aion'),
(3, 1, 'Alfa Romeo', 'alfa-romeo'),
(4, 1, 'Alpine', 'alpine'),
(5, 1, 'Anadol', 'anadol'),
(6, 1, 'Arora', 'arora'),
(7, 1, 'Aston Martin', 'aston-martin'),
(8, 1, 'Audi', 'audi'),
(9, 1, 'Bentley', 'bentley-'),
(10, 1, 'Buick', 'buick'),
(11, 1, 'BYD', 'byd'),
(12, 1, 'Cadillac', 'cadillac'),
(13, 1, 'Chery', 'chery'),
(14, 1, 'Chevrolet', 'chevrolet');

-- Series
INSERT INTO vehicle_catalog_series (id, brand_id, name, slug) VALUES
(1, 1, '500e', '500e'),
(2, 2, 'S', 's'),
(3, 2, 'S Plus', 's-plus'),
(4, 3, 'Giulia', 'giulia'),
(5, 3, 'Giulia Quadrifoglio', 'giulia-quadrifoglio'),
(6, 3, 'Giulietta', 'giulietta'),
(7, 3, '145', '145'),
(8, 3, '146', '146'),
(9, 3, '147', '147'),
(10, 3, '155', '155'),
(11, 3, '156', '156'),
(12, 3, '159', '159'),
(13, 3, '166', '166'),
(14, 3, '33', '33'),
(15, 3, '75', '75'),
(16, 3, 'Brera', 'brera'),
(17, 3, 'GT', 'gt'),
(18, 3, 'GTV', 'gtv'),
(19, 3, 'Mito', 'mito'),
(20, 4, 'A290', 'a290'),
(21, 5, 'A', 'a'),
(22, 5, 'SV', 'sv'),
(23, 6, 'S1', 's1'),
(24, 7, 'DB11', 'db11'),
(25, 7, 'DB12', 'db12'),
(26, 7, 'DB7', 'db7'),
(27, 7, 'DB9', 'db9'),
(28, 7, 'DBS', 'dbs'),
(29, 7, 'Rapide', 'rapide'),
(30, 7, 'Vanquish', 'vanquish'),
(31, 7, 'Vantage', 'vantage'),
(32, 8, 'A1', 'a1'),
(33, 8, 'A2', 'a2'),
(34, 8, 'A3', 'a3'),
(35, 8, 'A4', 'a4'),
(36, 8, 'A5', 'a5'),
(37, 8, 'A6', 'a6'),
(38, 8, 'A8', 'a8'),
(39, 8, 'E-Tron GT', 'e-tron-gt'),
(40, 8, 'R8', 'r8'),
(41, 8, 'RS', 'rs'),
(42, 8, 'S Serisi', 's-serisi'),
(43, 8, 'TTS', 'tts'),
(44, 8, '80 Serisi', '80-serisi'),
(45, 8, '100 Serisi', '100-serisi'),
(46, 8, '200 Serisi', '200-serisi'),
(47, 9, 'Continental', 'continental'),
(48, 9, 'Flying Spor', 'flying-spor'),
(49, 9, 'Azure', 'azure'),
(50, 9, 'Mulsanne', 'mulsanne'),
(51, 10, 'Le Sabre', 'le-sabre'),
(52, 10, 'Park Avenue', 'park-avenue'),
(53, 10, 'Regal', 'regal'),
(54, 10, 'Riviera', 'riviera'),
(55, 10, 'Roadmaster', 'roadmaster'),
(56, 10, 'Skylark', 'skylark'),
(57, 11, 'Dolphin', 'dolphin'),
(58, 11, 'F3', 'f3'),
(59, 11, 'Han', 'han-'),
(60, 11, 'Song L', 'song-l'),
(61, 11, 'Seal', 'seal'),
(62, 12, 'CTS', 'cts'),
(63, 12, 'Brougham', 'brougham'),
(64, 12, 'DeVille', 'deville'),
(65, 12, 'Eldorado', 'eldorado'),
(66, 12, 'Fleetwood', 'fleetwood'),
(67, 12, 'Seville', 'seville'),
(68, 12, 'STS', 'sts'),
(69, 13, 'Alia', 'alia'),
(70, 13, 'Chance', 'chance'),
(71, 13, 'Kimo', 'kimo'),
(72, 13, 'Niche', 'niche'),
(73, 14, 'Aveo', 'aveo'),
(74, 14, 'Camaro', 'camaro'),
(75, 14, 'Caprice', 'caprice'),
(76, 14, 'Celebrity', 'celebrity'),
(77, 14, 'Corvette', 'corvette-'),
(78, 14, 'Cruze', 'cruze'),
(79, 14, 'Epica', 'epica'),
(80, 14, 'Evanda', 'evanda'),
(81, 14, 'Impala', 'impala'),
(82, 14, 'Kalos', 'kalos'),
(83, 14, 'Lacetti', 'lacetti'),
(84, 14, 'Rezzo', 'rezzo'),
(85, 14, 'Spark', 'spark');

-- Models
INSERT INTO vehicle_catalog_models (id, series_id, name, slug) VALUES
(1, 1, 'Cabrio', 'cabrio'),
(2, 2, '580', '580'),
(3, 3, '70', '70'),
(4, 4, '2.0', '2-0'),
(5, 4, '2.0 T', '2-0-t'),
(6, 5, '2.9', '2-9'),
(7, 6, '1.4 TB', '1-4-tb'),
(8, 6, '1.6 JTD', '1-6-jtd'),
(9, 6, '1.75 TBI', '1-75-tbi'),
(10, 7, '1.4', '1-4'),
(11, 7, '1.6', '1-6'),
(12, 7, '1.7', '1-7'),
(13, 7, '2.0', '2-0'),
(14, 8, '1.4', '1-4'),
(15, 8, '1.6', '1-6'),
(16, 8, '2.0 Ti', '2-0-ti'),
(17, 9, '1.6 TS', '1-6-ts'),
(18, 9, '1.9', '1-9'),
(19, 9, '2.0 TS', '2-0-ts'),
(20, 10, '2.0', '2-0'),
(21, 11, '1.6 TS', '1-6-ts'),
(22, 11, '1.9 JTD', '1-9-jtd'),
(23, 11, '2.0 JTS', '2-0-jts'),
(24, 11, '2.0 TS', '2-0-ts'),
(25, 11, '2.5', '2-5'),
(26, 12, '1.9 JTD', '1-9-jtd'),
(27, 12, '1.9 JTS', '1-9-jts-'),
(28, 12, '3.2 TJS', '3-2-tjs'),
(29, 13, '2.0', '2-0'),
(30, 14, '1.5', '1-5'),
(31, 14, '1.7', '1-7'),
(32, 15, '1.8 T', '1-8-t-'),
(33, 16, '2.2', '2-2'),
(34, 17, '1.9 JTD', '1-9-jtd'),
(35, 17, '2.0 JTS', '2-0-jts'),
(36, 18, '2.0', '2-0'),
(37, 19, '1.3 jtd', '1-3-jtd'),
(38, 19, '1.4 TB', '1-4-tb'),
(39, 19, '1.6 JTD', '1-6-jtd'),
(40, 20, 'GT', 'gt'),
(41, 20, 'GTS', 'gts'),
(42, 21, 'A1', 'a1'),
(43, 21, 'A2', 'a2'),
(44, 21, 'A2 SL', 'a2-sl'),
(45, 22, '1.6', '1-6'),
(46, 24, 'Coupe', 'coupe'),
(47, 25, 'Coupe', 'coupe'),
(48, 25, 'Volante', 'volante'),
(49, 26, 'Coupe', 'coupe'),
(50, 26, 'Volante', 'volante'),
(51, 27, 'Coupe', 'coupe'),
(52, 27, 'Volante', 'volante'),
(53, 27, 'GT 007 Bond Edition', 'gt-007-bond-edition'),
(54, 28, 'DBS Coupe', 'dbs-coupe'),
(55, 29, 'V12 Rapide', 'v12-rapide'),
(56, 29, 'V12 Rapide S', 'v12-rapide-s'),
(57, 30, 'V12', 'v12'),
(58, 31, 'V8 Vantage', 'v8-vantage'),
(59, 31, 'V8 Vantage F1 Edition', 'v8-vantage-f1-edition'),
(60, 31, 'V8 Vantage N430', 'v8-vantage-n430'),
(61, 31, 'V8 Vantage Roadster', 'v8-vantage-roadster'),
(62, 31, 'V8 Vantage S', 'v8-vantage-s'),
(63, 32, '1.4 TFSI', '1-4-tfsi'),
(64, 32, '1.6 TDI', '1-6-tdi'),
(65, 33, '1.4', '1-4'),
(66, 34, 'A3 Cabrio', 'a3-cabrio'),
(67, 35, 'A3 Cabrio', 'a3-cabrio'),
(68, 36, 'A3 Cabrio', 'a3-cabrio'),
(69, 37, 'A3 Cabrio', 'a3-cabrio'),
(70, 34, 'A3 Hatchback', 'a3-hatchback'),
(71, 35, 'A3 Hatchback', 'a3-hatchback'),
(72, 36, 'A3 Hatchback', 'a3-hatchback'),
(73, 34, 'A3 Sedan', 'a3-sedan'),
(74, 34, 'A3 Sportback', 'a3-sportback'),
(75, 35, 'A3 Sportback', 'a3-sportback'),
(76, 35, 'A4 AVANT', 'a4-avant'),
(77, 35, 'A4 Cabrio', 'a4-cabrio'),
(78, 35, 'A4 Sedan', 'a4-sedan-'),
(79, 35, 'A4 Allroad quatro', 'a4-allroad-quatro-'),
(80, 36, 'A5 Avant', 'a5-avant'),
(81, 36, 'A5 Cabrio', 'a5-cabrio'),
(82, 36, 'A5 Coupe', 'a5-coupe'),
(83, 36, 'A5 Sedan', 'a5-sedan'),
(84, 36, 'A5 Sportback', 'a5-sportback'),
(85, 38, '50 TDI', '50-tdi'),
(86, 38, '55 TFSI', '55-tfsi'),
(87, 38, '60 TFSI', '60-tfsi'),
(88, 38, '2.0 TFSI Quattro', '2-0-tfsi-quattro'),
(89, 38, '2.5 TDI', '2-5-tdi'),
(90, 38, '3.0', '3-0'),
(91, 38, '3.0 TDI', '3-0-tdi'),
(92, 38, '3.2 FSI', '3-2-fsi'),
(93, 38, '4.0 TDI Quattro', '4-0-tdi-quattro'),
(94, 38, '4.0 TFSI Quattro', '4-0-tfsi-quattro'),
(95, 38, '46057', '46057'),
(96, 38, '4.2 TDI', '4-2-tdi'),
(97, 38, '6.3 FSI Quattro', '6-3-fsi-quattro'),
(98, 39, 'GT Quattro', 'gt-quattro'),
(99, 39, 'GT RS', 'gt-rs'),
(100, 40, '4.2 FSI', '4-2-fsi'),
(101, 40, '5.2 FSI', '5-2-fsi'),
(102, 41, 'RS 3', 'rs-3'),
(103, 41, 'RS 4', 'rs-4'),
(104, 41, 'RS 6', 'rs-6'),
(105, 41, 'RS 7', 'rs-7'),
(106, 42, 'S3', 's3'),
(107, 42, 'S4', 's4'),
(108, 42, 'S5', 's5'),
(109, 42, 'S6', 's6'),
(110, 43, '2.0 TFSI', '2-0-tfsi'),
(111, 44, '46174', '46174'),
(112, 44, '1.6 D', '1-6-d'),
(113, 44, '1.6 TD', '1-6-td'),
(114, 44, '46235', '46235'),
(115, 44, '1.8 S', '1-8-s'),
(116, 44, '1.9 TDI', '1-9-tdi'),
(117, 44, '2.0', '2-0'),
(118, 44, '46236', '46236'),
(119, 45, '46266', '46266'),
(120, 45, '2.0', '2-0'),
(121, 45, '2.8 Quattro', '2-8-quattro'),
(122, 46, '46055', '46055'),
(123, 47, 'Flying Spur', 'flying-spur'),
(124, 47, 'Flying Spur Speed', 'flying-spur-speed'),
(125, 47, 'GT', 'gt'),
(126, 47, 'GTC', 'gtc'),
(127, 47, 'GTC Speed', 'gtc-speed'),
(128, 47, 'GT Supersports', 'gt-supersports'),
(129, 48, '4.0', '4-0'),
(130, 48, '6.0', '6-0'),
(131, 49, '6.8', '6-8'),
(132, 50, '6.75', '6-75'),
(133, 51, '3.8', '3-8'),
(134, 52, '3.8', '3-8'),
(135, 53, '3.8', '3-8'),
(136, 54, '3.8', '3-8'),
(137, 55, '5.7', '5-7'),
(138, 56, '2.4', '2-4'),
(139, 57, 'Standart', 'standart'),
(140, 57, 'Confort', 'confort'),
(141, 57, 'Design', 'design'),
(142, 58, '1.6', '1-6'),
(143, 59, 'Executive', 'executive'),
(144, 60, 'Excellence', 'excellence'),
(145, 61, 'Design', 'design'),
(146, 61, 'Excellence', 'excellence'),
(147, 62, '2.0 L', '2-0-l'),
(148, 62, '2.8', '2-8-'),
(149, 62, '3.2', '3-2'),
(150, 62, '6.0', '6-0'),
(151, 63, '5.7 STD', '5-7-std'),
(152, 64, '4.6 Concours', '4-6-concours'),
(153, 64, '4.6 DTS', '4-6-dts'),
(154, 65, '4.9 STD', '4-9-std'),
(155, 66, '4.9', '4-9'),
(156, 66, '5.7', '5-7'),
(157, 67, '4.6 STS', '4-6-sts'),
(158, 67, '4.9 STS', '4-9-sts'),
(159, 68, '3.6', '3-6'),
(160, 69, '1.6', '1-6'),
(161, 70, '1.6 Norma', '1-6-norma'),
(162, 70, '2.0 Lusso', '2-0-lusso'),
(163, 71, '1.3', '1-3'),
(164, 72, '1.6 Lusso', '1-6-lusso'),
(165, 72, '1.6 Norma', '1-6-norma'),
(166, 72, '2.0 Lusso', '2-0-lusso'),
(167, 73, '1.2', '1-2'),
(168, 73, '1.3 D', '1-3-d'),
(169, 73, '1.4', '1-4'),
(170, 74, '2.0', '2-0'),
(171, 74, '3.6', '3-6'),
(172, 74, '6.2', '6-2'),
(173, 74, 'RS', 'rs'),
(174, 74, 'SS', 'ss'),
(175, 74, 'Z28', 'z28'),
(176, 75, '5.0 LS', '5-0-ls'),
(177, 76, '3.1', '3-1'),
(178, 77, 'C4', 'c4'),
(179, 77, 'C5', 'c5'),
(180, 77, 'C6', 'c6'),
(181, 77, 'C7', 'c7'),
(182, 77, 'C8', 'c8'),
(183, 77, 'Z06', 'z06'),
(184, 78, '1.4 T', '1-4-t'),
(185, 78, '1.6', '1-6'),
(186, 78, '2.0 D', '2-0-d'),
(187, 79, '2.0 D LT', '2-0-d-lt'),
(188, 79, '2.0 LT', '2-0-lt'),
(189, 80, '2.0 CDX', '2-0-cdx'),
(190, 81, '3.6', '3-6'),
(191, 81, '3.8', '3-8'),
(192, 81, '5.7', '5-7'),
(193, 82, '1.2', '1-2'),
(194, 82, '1.4', '1-4'),
(195, 83, '1.4', '1-4'),
(196, 83, '1.6', '1-6'),
(197, 84, '1.6 SX Comfort', '1-6-sx-comfort'),
(198, 85, '0.8', '0-8'),
(199, 85, '1.0', '1-0'),
(200, 85, '1.2', '1-2');

-- Alt Models
INSERT INTO vehicle_catalog_alt_models (id, model_id, name, slug, body_type, fuel_type, transmission, engine_power, engine_displacement) VALUES
(1, 4, 'Competizione', 'competizione', 'Sedan', NULL, 'Otomatik', NULL, 1995),
(2, 4, 'Veloce', 'veloce', 'Sedan', NULL, 'Otomatik', NULL, 1995),
(3, 5, 'Sprint', 'sprint', 'Sedan', NULL, 'Otomatik', NULL, 1995),
(4, 5, 'Veloce', 'veloce', 'Sedan', NULL, 'Otomatik', NULL, 1995),
(5, 7, 'Distinctive', 'distinctive', 'Hp 5 Kapı', NULL, 'Manuel', NULL, 1368),
(6, 7, 'MultiAir Distinctive', 'multiair-distinctive', 'Hp 5 Kapı', NULL, 'Otomatik', NULL, 1368),
(7, 7, 'MultiAir Progression Pluse', 'multiair-progression-pluse', 'Hp 5 Kapı', NULL, 'Otomatik', NULL, 1368),
(8, 7, 'MultiAir Super TCT', 'multiair-super-tct', 'Hp 5 Kapı', NULL, 'Otomatik', NULL, 1368),
(9, 7, 'Progression Plus', 'progression-plus', 'Hp 5 Kapı', NULL, 'Manuel', NULL, 1368),
(10, 8, 'Distinctive', 'distinctive', 'Hp 5 Kapı', NULL, 'Manuel', NULL, 1598),
(11, 8, 'Giulietta', 'giulietta', 'Hp 5 Kapı', NULL, 'Otomatik', NULL, 1598),
(12, 8, 'Progression', 'progression', 'Hp 5 Kapı', NULL, 'Otomatik', NULL, 1598),
(13, 8, 'Progression Plus', 'progression-plus', 'Hp 5 Kapı', NULL, 'Manuel', NULL, 1598),
(14, 8, 'Sprint', 'sprint', 'Hp 5 Kapı', NULL, 'Otomatik', NULL, 1598),
(15, 8, 'Super TCT', 'super-tct', 'Hp 5 Kapı', NULL, 'Otomatik', NULL, 1598),
(16, 8, 'TI', 'ti', 'Hp 5 Kapı', NULL, 'Otomatik', NULL, 1598),
(17, 9, 'Quadrifoglio Verde', 'quadrifoglio-verde', 'Hp 5 Kapı', NULL, 'Manuel', NULL, 1742),
(18, 10, 'TS STD', 'ts-std', 'Hp 3 Kapı', NULL, 'Manuel', NULL, 1370),
(19, 11, '1.6', '1-6', 'Hp 3 Kapı', NULL, 'Manuel', NULL, 1596),
(20, 11, 'L', 'l', 'Hp 3 Kapı', NULL, 'Manuel', NULL, 1596),
(21, 11, 'TS Sportivo', 'ts-sportivo', 'Hp 3 Kapı', NULL, 'Manuel', NULL, 1598),
(22, 13, 'Quadrifoglio', 'quadrifoglio', 'Hp 3 Kapı', NULL, 'Manuel', NULL, 1970),
(23, 13, 'TS QV', 'ts-qv', 'Hp 3 Kapı', NULL, 'Manuel', NULL, 1970),
(24, 14, 'TS', 'ts', 'Hp 5 Kapı', NULL, 'Manuel', NULL, 1370),
(25, 14, 'TS Ritmo', 'ts-ritmo', 'Hp 5 Kapı', NULL, 'Manuel', NULL, 1370),
(26, 15, 'L', 'l', 'Hp 5 Kapı', NULL, 'Manuel', NULL, 1601-1800),
(27, 15, 'TS', 'ts', 'Hp 5 Kapı', NULL, 'Manuel', NULL, 1601-1800),
(28, 16, 'L', 'l', 'Hp 5 Kapı', NULL, 'Manuel', NULL, 1900),
(29, 17, 'Black Line', 'black-line', 'Hp 5 Kapı', NULL, 'Manuel', NULL, 1598),
(30, 17, 'Collezione', 'collezione', 'Hp 5 Kapı', NULL, 'Manuel', NULL, 1598),
(31, 17, 'Distinctive', 'distinctive', 'Hp 5 Kapı', NULL, 'Manuel', NULL, 1598),
(32, 17, 'Progression', 'progression', 'Hp 5 Kapı', NULL, 'Manuel', NULL, 1598),
(33, 18, 'JTD Q2', 'jtd-q2', 'Hp 3 Kapı', NULL, 'Manuel', NULL, 1910),
(34, 19, 'Distinctive', 'distinctive', 'Hp 3 Kapı', NULL, 'Manuel', NULL, 1970),
(35, 19, 'Selespeed Distinctive', 'selespeed-distinctive', 'Hp 5 Kapı', NULL, 'Otomatik', NULL, 1970),
(36, 20, 'TS Sportivo', 'ts-sportivo', 'Sedan', NULL, 'Manuel', NULL, 1970),
(37, 20, 'TS Super Losso', 'ts-super-losso', 'Sedan', NULL, 'Manuel', NULL, 1970),
(38, 21, '1.6 TS', '1-6-ts', 'Sedan', NULL, 'Manuel', NULL, 1598),
(39, 21, 'Distinctive', 'distinctive', 'Sedan', NULL, 'Manuel', NULL, 1598),
(40, 21, 'Progression', 'progression', 'Sedan', NULL, 'Manuel', NULL, 1598),
(41, 22, 'Impression', 'impression', 'Sedan', NULL, 'Manuel', NULL, 1801-2000),
(42, 22, 'Sportwagon', 'sportwagon', 'Station Wagon', NULL, 'Manuel', NULL, 1801-2000),
(43, 23, 'Distinctive', 'distinctive', 'Sedan', NULL, 'Otomatik', NULL, 1970),
(44, 24, 'Distinctive', 'distinctive', 'Sedan', NULL, 'Otomatik', NULL, 1970),
(45, 24, 'Executive', 'executive', 'Sedan', NULL, 'Manuel', NULL, 1970),
(46, 24, 'Selespeed', 'selespeed', 'Sedan', NULL, 'Otomatik', NULL, 1970),
(47, 25, '46144', '46144', 'Sedan', NULL, 'Manuel', NULL, 2492),
(48, 26, 'Distinctive', 'distinctive', 'Sedan', NULL, 'Manuel', NULL, 1910),
(49, 26, 'Distinctive Plus', 'distinctive-plus-', 'Sedan', NULL, 'Manuel', NULL, 1910),
(50, 26, 'Progression', 'progression', 'Sedan', NULL, 'Otomatik', NULL, 1910),
(51, 27, 'Distinctive', 'distinctive', 'Sedan', NULL, 'Manuel', NULL, 1859),
(52, 28, 'Q4 Distinctive', 'q4-distinctive', 'Sedan', NULL, 'Manuel', NULL, 3195),
(53, 29, 'TB', 'tb', 'Sedan', NULL, 'Manuel', NULL, 1996),
(54, 30, 'Giardinetta', 'giardinetta', 'Hp 5 Kapı', NULL, 'Manuel', NULL, 1490),
(55, 31, 'IE', 'ie', 'Hp 5 Kapı', NULL, 'Manuel', NULL, 1712),
(56, 33, 'JTS', 'jts', 'Coupe', NULL, 'Manuel', NULL, 2198),
(57, 34, 'Q2', 'q2', 'Coupe', NULL, 'Manuel', NULL, 1910),
(58, 35, 'Dis. Selespeed', 'dis--selespeed', 'Coupe', NULL, 'Otomatik', NULL, 1970),
(59, 36, 'TB', 'tb', 'Coupe', NULL, 'Manuel', NULL, 1996),
(60, 37, 'City', 'city', 'Hp 3 Kapı', NULL, 'Manuel', NULL, 1248),
(61, 38, 'Distinctive', 'distinctive', 'Hp 3 Kapı', NULL, 'Manuel', NULL, 1300),
(62, 38, 'Multi Quadrifoglio Verde', 'multi-quadrifoglio-verde', 'Hp 3 Kapı', NULL, 'Manuel', NULL, 1368),
(63, 38, 'MultiAir TCT', 'multiair-tct', 'Hp 3 Kapı', NULL, 'Otomatik', NULL, 1368),
(64, 38, 'MultiAir TCT Sportivo', 'multiair-tct-sportivo', 'Hp 3 Kapı', NULL, 'Otomatik', NULL, 1201-1600),
(65, 38, 'Prograssion', 'prograssion', 'Hp 3 Kapı', NULL, 'Manuel', NULL, 1368),
(66, 39, 'Distinctive', 'distinctive', 'Hp 3 Kapı', NULL, 'Manuel', NULL, 1598),
(67, 39, 'Prograssion', 'prograssion', 'Hp 3 Kapı', NULL, 'Manuel', NULL, 1598),
(68, 63, 'Ambition', 'ambition', 'Hp 3 Kapı', NULL, 'Otomatik', NULL, 1390),
(69, 63, 'Attraction', 'attraction', 'Hp 3 Kapı', NULL, 'Otomatik', NULL, 1390),
(70, 64, 'Ambition', 'ambition', 'Hp 5 Kapı', NULL, 'Otomatik', NULL, 1598),
(71, 64, 'Attraction', 'attraction', 'Hp 5 Kapı', NULL, 'Otomatik', NULL, 1598),
(72, 64, 'S Line', 's-line', 'Hp 5 Kapı', NULL, 'Otomatik', NULL, 1301-1600),
(73, 64, 'Sport', 'sport', 'Hp 5 Kapı', NULL, 'Otomatik', NULL, 1598),
(74, 66, '35 TFSI', '35-tfsi', 'Cabrio', NULL, 'Otomatik', NULL, 1498),
(75, 66, '1.2 TFSI', '1-2-tfsi', 'Cabrio', NULL, 'Manuel', NULL, 1197),
(76, 66, '1.4 TFSI', '1-4-tfsi', 'Cabrio', NULL, 'Otomatik', NULL, 1395),
(77, 67, '1.4 TFSI', '1-4-tfsi', 'Cabrio', NULL, 'Otomatik', NULL, 1395),
(78, 68, '1.4 TFSI', '1-4-tfsi', 'Cabrio', NULL, 'Otomatik', NULL, 1395),
(79, 69, '1.4 TFSI', '1-4-tfsi', 'Cabrio', NULL, 'Otomatik', NULL, 1395),
(80, 66, '1.5 TFSI', '1-5-tfsi', 'Cabrio', NULL, 'Otomatik', NULL, 1498),
(81, 66, '1.6', '1-6', 'Cabrio', NULL, 'Manuel', NULL, 1595),
(82, 66, '1.8 TFSI', '1-8-tfsi', 'Cabrio', NULL, 'Otomatik', NULL, 1798),
(83, 66, '2.0 TDI', '2-0-tdi', 'Cabrio', NULL, 'Otomatik', NULL, 1968),
(84, 70, '1.4 TFSI', '1-4-tfsi', 'Hp 3 Kapı', NULL, 'Otomatik', NULL, 1390),
(85, 70, '1.6', '1-6', 'Hp 3 Kapı', NULL, 'Manuel', NULL, 1595),
(86, 70, '1.6 FSI', '1-6-fsi', 'Hp 3 Kapı', NULL, 'Manuel', NULL, 1595),
(87, 70, '1.6 TDI', '1-6-tdi', 'Hp 3 Kapı', NULL, 'Otomatik', NULL, 1598),
(88, 70, '1.8', '1-8', 'Hp 3 Kapı', NULL, 'Manuel', NULL, 1781),
(89, 71, '1.8', '1-8', 'Hp 5 Kapı', NULL, 'Otomatik', NULL, 1601-1800),
(90, 72, '1.8', '1-8', 'Hp 5 Kapı', NULL, 'Otomatik', NULL, 1301-1600),
(91, 70, '1.9 TDI', '1-9-tdi', 'Hp 5 Kapı', NULL, 'Manuel', NULL, 1896),
(92, 70, '2.0 FSI', '2-0-fsi-', 'hp 3 Kapı', NULL, 'Otomatik', NULL, NULL),
(93, 70, '2.0 TDI', '2-0-tdi-', 'hp 3 Kapı', NULL, 'Manuel', NULL, 1968),
(94, 73, '30 TDI', '30-tdi-', 'Sedan', NULL, 'Otomatik', NULL, 1598),
(95, 73, '30 TFSI', '30-tfsi-', 'Sedan', NULL, 'Otomatik', NULL, 999),
(96, 73, '35 TFSI', '35-tfsi-', 'Sedan', NULL, 'Otomatik', NULL, 1601-1800),
(97, 73, '1.0 TFSI', '1-0-tfsi-', 'Sedan', NULL, 'Otomatik', NULL, 1300),
(98, 73, '1.2 TFSI', '1-2-tfsi-', 'Sedan', NULL, 'Manuel', NULL, 1197),
(99, 73, '1.4 TFSI', '1-4-tfsi-', 'Sedan', NULL, 'Otomatik', NULL, 1395),
(100, 73, '1.5 TFSI', '1-5-tfsi-', 'Sedan', NULL, 'Otomatik', NULL, 1498),
(101, 73, '1.6 TDI', '1-6-tdi-', 'Sedan', NULL, 'Otomatik', NULL, 1301-1600),
(102, 74, '30 TDI', '30-tdi-', 'Hp 5 Kapı', NULL, 'Otomatik', NULL, 1598),
(103, 74, '30 TFSI', '30-tfsi-', 'Hp 5 Kapı', NULL, 'Otomatik', NULL, 999),
(104, 74, '35 TFSI', '35-tfsi-', 'Hp 5 Kapı', NULL, 'Otomatik', NULL, 1498),
(105, 75, '35 TFSI', '35-tfsi-', 'Hp 5 Kapı', NULL, 'Otomatik', NULL, 1498),
(106, 74, '1.0 TFSI', '1-0-tfsi-', 'Hp 5 Kapı', NULL, 'Otomatik', NULL, 999),
(107, 74, '1.2 TFSI', '1-2-tfsi-', 'Hp 5 Kapı', NULL, 'Manuel', NULL, 1197),
(108, 74, '1.4 TFSI', '1-4-tfsi-', 'Hp 5 Kapı', NULL, 'Manuel', NULL, 1390),
(109, 74, '1.5 TFSI', '1-5-tfsi-', 'Hp 5 Kapı', NULL, 'Otomatik', NULL, 1498),
(110, 74, '1.6', '1-6', 'Hp 5 Kapı', NULL, 'Otomatik', NULL, 1595),
(111, 74, '1.6 FSI', '1-6-fsi-', 'Hp 5 Kapı', NULL, 'Manuel', NULL, 1301-1600),
(112, 74, '1.6 TDI', '1-6-tdi-', 'Hp 5 Kapı', NULL, 'Otomatik', NULL, 1598),
(113, 74, '1.8', '1-8', 'Hp 5 Kapı', NULL, 'Manuel', NULL, 1781),
(114, 74, '1.8 T', '1-8-t', 'Hp 5 Kapı', NULL, 'Manuel', NULL, 1781),
(115, 74, '1.8 TFSI', '1-8-tfsi-', 'Hp 5 Kapı', NULL, 'Otomatik', NULL, 1798),
(116, 74, '1.9 TDI', '1-9-tdi', 'Hp 5 Kapı', NULL, 'Manuel', NULL, 1801-2000),
(117, 74, '2.0 FSI', '2-0-fsi-', 'Hp 5 Kapı', NULL, 'Otomatik', NULL, 1984),
(118, 74, '2.0 TDI', '2-0-tdi-', 'Hp 5 Kapı', NULL, 'Manuel', NULL, 1968),
(119, 74, '3.2', '3-2', 'Hp 3 Kapı', NULL, 'Manuel', NULL, 3001-3500),
(120, 76, '40 TDI', '40-tdi', 'Station Wagon', NULL, 'Otomatik', NULL, 1968),
(121, 76, '1.4 TFSI', '1-4-tfsi-', 'Station Wagon', NULL, 'Otomatik', NULL, 1395),
(122, 76, '1.6', '1-6', 'Station Wagon', NULL, 'Manuel', NULL, 1595),
(123, 76, '1.8', '1-8', 'Station Wagon', NULL, 'Manuel', NULL, 1801-2000),
(124, 76, '1.8 T', '1-8-t', 'Station Wagon', NULL, 'Manuel', NULL, 1601-1800),
(125, 76, '1.8 TFSI', '1-8-tfsi-', 'Sedan', NULL, 'Manuel', NULL, 1601-1800),
(126, 76, '1.9 TDI', '1-9-tdi', 'Station Wagon', NULL, 'Manuel', NULL, 1801-2000),
(127, 76, '2.0', '2-0', 'Station Wagon', NULL, 'Manuel', NULL, 1801-2000),
(128, 76, '2.0 TDI', '2-0-tdi-', 'Station Wagon', NULL, 'Otomatik', NULL, 1968),
(129, 76, '2.0 TDI Design', '2-0-tdi-design', 'Station Wagon', NULL, 'Otomatik', NULL, 1968),
(130, 76, '2.0 TDI Dynamic', '2-0-tdi-dynamic', 'Station Wagon', NULL, 'Otomatik', NULL, 1968),
(131, 76, '2.0 TDI Quatto Design', '2-0-tdi-quatto-design', 'Station Wagon', NULL, 'Otomatik', NULL, 1968),
(132, 76, '2.0 TDI Sport', '2-0-tdi-sport-', 'Station Wagon', NULL, 'Otomatik', NULL, 1968),
(133, 76, '2.0 TFSI Quttro', '2-0-tfsi-quttro-', 'Station Wagon', NULL, 'Otomatik', NULL, 1984),
(134, 76, '2.5 TDI', '2-5-tdi', 'Station Wagon', NULL, 'Manuel', NULL, 2496),
(135, 76, '2.5 TDI Quatro', '2-5-tdi-quatro-', 'Station Wagon', NULL, 'Otomatik', NULL, 2496),
(136, 76, '2.7', '2-7', 'Station Wagon', NULL, 'Manuel', NULL, 2500-3000),
(137, 76, '3.0 Quatro', '3-0-quatro-', 'Station Wagon', NULL, 'Otomatik', NULL, 2976),
(138, 77, '1.8 T', '1-8-t', 'Cabrio', NULL, 'Otomatik', NULL, 1781),
(139, 77, '2.0 TFSI', '2-0-tfsi-', 'Cabrio', NULL, 'Otomatik', NULL, 1984),
(140, 77, '2.5 TDI', '2-5-tdi', 'Cabrio', NULL, 'Otomatik', NULL, 2001-2500),
(141, 77, '3.0', '3-0-', 'Cabrio', NULL, 'Otomatik', NULL, 2976),
(142, 77, '3.0 Quatro', '3-0-quatro-', 'Cabrio', NULL, 'Otomatik', NULL, 2500-3000),
(143, 78, '40 TDI', '40-tdi-', 'Sedan', NULL, 'Otomatik', NULL, 1968),
(144, 78, '45 TFSI', '45-tfsi-', 'Sedan', NULL, 'Otomatik', NULL, 1984),
(145, 78, '1.4 TFSI', '1-4-tfsi-', 'Sedan', NULL, 'Otomatik', NULL, 1395),
(146, 78, '1.4 TFSI Design', '1-4-tfsi-design-', 'Sedan', NULL, 'Otomatik', NULL, 1395),
(147, 78, '1.4 TFSI Dynamic', '1-4-tfsi-dynamic', 'Sedan', NULL, 'Otomatik', NULL, 1395),
(148, 78, '1.4 TFSI Sport', '1-4-tfsi-sport-', 'Sedan', NULL, 'Otomatik', NULL, 1395),
(149, 78, '1.6', '1-6', 'Sedan', NULL, 'Manuel', NULL, 1595),
(150, 78, '1.8', '1-8', 'Sedan', NULL, 'Manuel', NULL, 1781),
(151, 78, '1.8 Quattro', '1-8-quattro-', 'Sedan', NULL, 'Manuel', NULL, 1601-1800),
(152, 78, '1.8 T', '1-8-t', 'Sedan', NULL, 'Otomatik', NULL, 1781),
(153, 78, '1.8 TFSI', '1-8-tfsi-', 'Sedan', NULL, 'Otomatik', NULL, 1789),
(154, 78, '1.8 T Quattro', '1-8-t-quattro-', 'Sedan', NULL, 'Manuel', NULL, 1781),
(155, 78, '1.9 TDI', '1-9-tdi', 'Sedan', NULL, 'Manuel', NULL, 1896),
(156, 78, '1.9 TDI Quattro', '1-9-tdi-quattro-', 'Sedan', NULL, 'Manuel', NULL, 1896),
(157, 78, '2.0', '2-0', 'Sedan', NULL, 'Otomatik', NULL, 1984),
(158, 78, '2.0 TDI', '2-0-tdi-', 'Sedan', NULL, 'Otomatik', NULL, 1968),
(159, 78, '2.0 TDI Design', '2-0-tdi-design', 'Sedan', NULL, 'Otomatik', NULL, 1968),
(160, 78, '2.0 TDI Dynamic', '2-0-tdi-dynamic', 'Sedan', NULL, 'Otomatik', NULL, 1968),
(161, 78, '2.0 TDI S Line', '2-0-tdi-s-line', 'Sedan', NULL, 'Otomatik', NULL, 2001-2500),
(162, 78, '2.0 TDI Sport', '2-0-tdi-sport-', 'Sedan', NULL, 'Otomatik', NULL, 1968),
(163, 78, '2.0 TDI Quatto', '2-0-tdi-quatto', 'Sedan', NULL, 'Otomatik', NULL, 1968),
(164, 78, '2.0 TDI Quatto Design', '2-0-tdi-quatto-design', 'Sedan', NULL, 'Otomatik', NULL, 1968),
(165, 78, '2.0 TDI Quatro Dynamic', '2-0-tdi-quatro-dynamic', 'Sedan', NULL, 'Otomatik', NULL, 1968),
(166, 78, '2.0 TDI Quattro Sport', '2-0-tdi-quattro-sport-', 'Sedan', NULL, 'Otomatik', NULL, 1968),
(167, 78, '2.0 TFSI', '2-0-tfsi-', 'Sedan', NULL, 'Otomatik', NULL, 1984),
(168, 78, '2.0 TFSI Quatro', '2-0-tfsi-quatro-', 'Sedan', NULL, 'Otomatik', NULL, 1984),
(169, 78, '2.0 TFSI Quattro S Line', '2-0-tfsi-quattro-s-line', 'Sedan', NULL, 'Otomatik', NULL, 1801-2000),
(170, 78, '2.4', '2-4', 'Sedan', NULL, 'Otomatik', NULL, 2393),
(171, 78, '2.5 TDI', '2-5-tdi', 'Sedan', NULL, 'Manuel', NULL, 2496),
(172, 78, '2.5 TDI Quattro', '2-5-tdi-quattro-', 'Sedan', NULL, 'Otomatik', NULL, 2496),
(173, 78, '2.6', '2-6', 'Sedan', NULL, 'Otomatik', NULL, 2598),
(174, 78, '2.7 TDI', '2-7-tdi-', 'Sedan', NULL, 'Otomatik', NULL, 2698),
(175, 78, '2.8 Quattro', '2-8-quattro-', 'Sedan', NULL, 'Manuel', NULL, 2771),
(176, 78, '3.0 Quatro', '3-0-quatro-', 'Sedan', NULL, 'Manuel', NULL, 2996),
(177, 78, '3.0 TDI Quttaro', '3-0-tdi-quttaro-', 'Sedan', NULL, 'Otomatik', NULL, 2501-3000),
(178, 79, '40 TDI', '40-tdi-', 'Station Wagon', NULL, 'Otomatik', NULL, 1801-2000),
(179, 79, '45 TFSI', '45-tfsi-', 'Station Wagon', NULL, 'Otomatik', NULL, 1984),
(180, 79, '2.0 TDI', '2-0-tdi-', 'Station Wagon', NULL, 'Otomatik', NULL, 1968),
(181, 79, '2.0 TFSI', '2-0-tfsi-', 'Sedan', NULL, 'Otomatik', NULL, 2001-2500),
(182, 80, '2.0 TDI Quattro', '2-0-tdi-quattro', 'Station Wagon', NULL, 'Otomatik', NULL, 1968),
(183, 81, '40 TDI', '40-tdi', 'Cabrio', NULL, 'Otomatik', NULL, 1968),
(184, 81, '45 TFSI', '45-tfsi', 'Cabrio', NULL, 'Otomatik', NULL, 1984),
(185, 81, '1.8 TFSI', '1-8-tfsi', 'Cabrio', NULL, 'Otomatik', NULL, 1601-1800),
(186, 81, '2.0 TFSI Quattro', '2-0-tfsi-quattro', 'Cabrio', NULL, 'Otomatik', NULL, 1984),
(187, 82, '40 TDI', '40-tdi', 'Coupe', NULL, 'Otomatik', NULL, 1968),
(188, 82, '45 TFSI', '45-tfsi', 'Coupe', NULL, 'Otomatik', NULL, 1984),
(189, 82, '1.4 TFSI Design', '1-4-tfsi-design', 'Coupe', NULL, 'Otomatik', NULL, 1395),
(190, 82, '1.4 TFSI Sport', '1-4-tfsi-sport', 'Coupe', NULL, 'Otomatik', NULL, 1395),
(191, 82, '1.8 TFSI', '1-8-tfsi', 'Coupe', NULL, 'Otomatik', NULL, 1798),
(192, 82, '1.8 TFSI S Line', '1-8-tfsi-s-line', 'Coupe', NULL, 'Manuel', NULL, 1801-2000),
(193, 82, '2.0 TDI', '2-0-tdi', 'Coupe', NULL, 'Otomatik', NULL, 1968),
(194, 82, '2.0 TDI Quattro', '2-0-tdi-quattro', 'Coupe', NULL, 'Otomatik', NULL, 1968),
(195, 82, '2.0 TFSI', '2-0-tfsi', 'Coupe', NULL, 'Otomatik', NULL, 1984),
(196, 82, '2.0 TFSI Quattro', '2-0-tfsi-quattro', 'Coupe', NULL, 'Otomatik', NULL, 1984),
(197, 82, '2.7 TDI', '2-7-tdi', 'Coupe', NULL, 'Otomatik', NULL, 2698),
(198, 82, '3.0 TDI Quattro', '3-0-tdi-quattro', 'Coupe', NULL, 'Otomatik', NULL, 2967),
(199, 82, '3.2 FSI', '3-2-fsi', 'Coupe', NULL, 'Otomatik', NULL, 3197),
(200, 83, '2.0 TDI Quattro', '2-0-tdi-quattro', 'Sedan', NULL, 'Otomatik', NULL, 1968),
(201, 83, '2.0 TFSI', '2-0-tfsi', 'Sedan', NULL, 'Otomatik', NULL, 1984),
(202, 83, '2.0 TFSI Quattro', '2-0-tfsi-quattro', 'Sedan', NULL, 'Otomatik', NULL, 1984),
(203, 84, '40 TDI', '40-tdi', 'Hp 5 Kapı', NULL, 'Otomatik', NULL, 1968),
(204, 84, '45 TFSI', '45-tfsi', 'Hp 5 Kapı', NULL, 'Otomatik', NULL, 1984),
(205, 84, '1.4 TFSI Design', '1-4-tfsi-design', 'Hp 5 Kapı', NULL, 'Otomatik', NULL, 1395),
(206, 84, '1.4 TFSI Dynamic', '1-4-tfsi-dynamic', 'Hp 5 Kapı', NULL, 'Otomatik', NULL, 1395),
(207, 84, '1.4 TFSI Sport', '1-4-tfsi-sport', 'Hp 5 Kapı', NULL, 'Otomatik', NULL, 1395),
(208, 84, '1.8 TFSI', '1-8-tfsi-', 'Hp 5 Kapı', NULL, 'Otomatik', NULL, 1798),
(209, 84, '2.0 TDI', '2-0-tdi', 'Hp 5 Kapı', NULL, 'Otomatik', NULL, 1801-2000),
(210, 84, '2.0 TDI Quattro', '2-0-tdi-quattro', 'Hp 5 Kapı', NULL, 'Otomatik', NULL, 1968),
(211, 84, '2.0 TDI Quattro Design', '2-0-tdi-quattro-design', 'Hp 5 Kapı', NULL, 'Otomatik', NULL, 1968),
(212, 84, '2.0 TDI Quattro Dynamic', '2-0-tdi-quattro-dynamic', 'Hp 5 Kapı', NULL, 'Otomatik', NULL, 1968),
(213, 84, '2.0 TDI Quattro Sport', '2-0-tdi-quattro-sport', 'Hp 5 Kapı', NULL, 'Otomatik', NULL, 1968),
(214, 84, '2.0 TFSI', '2-0-tfsi', 'Hp 5 Kapı', NULL, 'Otomatik', NULL, 1984),
(215, 84, '2.0 TFSI Quattro', '2-0-tfsi-quattro', 'Hp 5 Kapı', NULL, 'Otomatik', NULL, 1984),
(216, 84, '3.0 TDI Quattro', '3-0-tdi-quattro-', 'Hp 5 Kapı', NULL, 'Otomatik', NULL, 2967),
(217, 85, 'Quattro', 'quattro', NULL, NULL, NULL, NULL, NULL),
(218, 85, 'Quattro Long', 'quattro-long', NULL, NULL, NULL, NULL, NULL),
(219, 86, 'Quattro Long', 'quattro-long', NULL, NULL, NULL, NULL, NULL),
(220, 87, 'Quattro Long', 'quattro-long', NULL, NULL, NULL, NULL, NULL),
(221, 91, 'Quattro', 'quattro', NULL, NULL, NULL, NULL, NULL),
(222, 91, 'Quattro Long', 'quattro-long', NULL, NULL, NULL, NULL, NULL),
(223, 95, 'FSI Quattro', 'fsi-quattro', NULL, NULL, NULL, NULL, NULL),
(224, 95, 'Quattro', 'quattro', NULL, NULL, NULL, NULL, NULL),
(225, 95, 'Quattro Long', 'quattro-long', NULL, NULL, NULL, NULL, NULL),
(226, 96, 'Quattro', 'quattro', NULL, NULL, NULL, NULL, NULL),
(227, 96, 'Quattro Long', 'quattro-long', NULL, NULL, NULL, NULL, NULL),
(228, 100, 'Quattro', 'quattro', NULL, NULL, NULL, NULL, NULL),
(229, 100, 'Quattro R-tronic', 'quattro-r-tronic', NULL, NULL, NULL, NULL, NULL),
(230, 101, 'Quattro R-tronic', 'quattro-r-tronic', NULL, NULL, NULL, NULL, NULL),
(231, 106, '1.8 T Quattro', '1-8-t-quattro', NULL, NULL, NULL, NULL, NULL),
(232, 106, '2.0 TFSI Quattro', '2-0-tfsi-quattro', NULL, NULL, NULL, NULL, NULL),
(233, 107, '3.0 TFSI Quattro', '3-0-tfsi-quattro', NULL, NULL, NULL, NULL, NULL),
(234, 108, '3.0 TFSI Quattro', '3-0-tfsi-quattro', NULL, NULL, NULL, NULL, NULL),
(235, 108, '4.2 FSI Quattro', '4-2-fsi-quattro', NULL, NULL, NULL, NULL, NULL),
(236, 109, '3.0 TDI Quattro', '3-0-tdi-quattro', NULL, NULL, NULL, NULL, NULL),
(237, 110, 'Quattro', 'quattro', NULL, NULL, NULL, NULL, NULL),
(238, 160, 'Acteco Forza', 'acteco-forza', 'Sedan', NULL, 'Manuel', NULL, 1595),
(239, 160, 'Acteco Lusso', 'acteco-lusso', 'Sedan', NULL, 'Manuel', NULL, 1597),
(240, 160, 'Acteco Norma', 'acteco-norma', 'Sedan', NULL, 'Manuel', NULL, 1597),
(241, 163, 'Forza', 'forza', 'Hp 5 Kapı', NULL, 'Otomatik', NULL, 1297),
(242, 163, 'Lusso', 'lusso', 'Hp 5 Kapı', NULL, 'Otomatik', NULL, 1297),
(243, 167, 'LS', 'ls', 'Hp 5 Kapı', NULL, 'Manuel', NULL, 1229),
(244, 167, 'S', 's', 'Sedan', NULL, 'Manuel', NULL, 1150),
(245, 167, 'SE', 'se', 'Hp 5 Kapı', NULL, 'Manuel', NULL, 1150),
(246, 167, 'SX', 'sx', 'Hp 5 Kapı', NULL, 'Manuel', NULL, 1206),
(247, 168, 'LS', 'ls', 'Sedan', NULL, 'Manuel', NULL, 1248),
(248, 168, 'LT', 'lt', 'Sedan', NULL, 'Manuel', NULL, 1248),
(249, 168, 'LTZ', 'ltz', 'Sedan', NULL, 'Manuel', NULL, 1248),
(250, 169, 'LS', 'ls', 'Sedan', NULL, 'Manuel', NULL, 1398),
(251, 169, 'LT', 'lt', 'Sedan', NULL, 'Otomatik', NULL, 1398),
(252, 169, 'LTZ', 'ltz', 'Sedan', NULL, 'Otomatik', NULL, 1398),
(253, 169, 'S', 's', 'Sedan', NULL, 'Manuel', NULL, 1399),
(254, 169, 'SE', 'se', 'Sedan', NULL, 'Manuel', NULL, 1399),
(255, 169, 'SX', 'sx', 'Sedan', NULL, 'Manuel', NULL, 1399),
(256, 184, 'LT', 'lt', 'Statino Wagon', NULL, 'Manuel', NULL, 1362),
(257, 184, 'LTZ', 'ltz', 'Sedan', NULL, 'Otomatik', NULL, 1362),
(258, 184, 'Sport', 'sport-', 'Hp 5 Kapı', NULL, 'Manuel', NULL, 1362),
(259, 184, 'Sport Plus', 'sport-plus', 'Hp 5 Kapı', NULL, 'Manuel', NULL, 1362),
(260, 185, '1.6', '1-6', 'Sedan', NULL, 'Manuel', NULL, 1598),
(261, 185, 'Design Edition', 'design-edition', 'Sedan', NULL, 'Manuel', NULL, 1598),
(262, 185, 'Design Edition Plus', 'design-edition-plus', 'Sedan', NULL, 'Manuel', NULL, 1598),
(263, 185, 'LS', 'ls', 'Sedan', NULL, 'Manuel', NULL, 1598),
(264, 185, 'LS Plus', 'ls-plus', 'Sedan', NULL, 'Manuel', NULL, 1598),
(265, 185, 'LT', 'lt', 'Sedan', NULL, 'Manuel', NULL, 1598),
(266, 185, 'LT Plus', 'lt-plus-', 'Sedan', NULL, 'Manuel', NULL, 1598),
(267, 185, 'Sport', 'sport', 'Hp 5 Kapı', NULL, 'Manuel', NULL, 1598),
(268, 185, 'Sport Plus', 'sport-plus', 'Sedan', NULL, 'Otomatik', NULL, 1598),
(269, 185, 'WTCC Edition', 'wtcc-edition', 'Sedan', NULL, 'Manuel', NULL, 1598),
(270, 185, 'wtcc Edition Plus', 'wtcc-edition-plus', 'Hp 5 Kapı', NULL, 'Manuel', NULL, 1598),
(271, 186, 'LT', 'lt', 'Sedan', NULL, 'Otomatik', NULL, 1998),
(272, 186, 'LTZ', 'ltz', 'Sedan', NULL, 'Otomatik', NULL, 1998),
(273, 193, 'S', 's', 'Hp 5 Kapı', NULL, 'Manuel', NULL, 1150),
(274, 194, 'SE', 'se', 'Hp 5 Kapı', NULL, 'Manuel', NULL, 1150),
(275, 195, 'CDX', 'cdx', 'Hp 5 Kapı', NULL, 'Manuel', NULL, 1598),
(276, 195, 'SX', 'sx', 'Hp 5 Kapı', NULL, 'Manuel', NULL, 1399),
(277, 195, 'WTCC', 'wtcc', 'Hp 5 Kapı', NULL, 'Manuel', NULL, 1399),
(278, 196, 'CDX', 'cdx', 'Hp 5 Kapı', NULL, 'Otomatik', NULL, 1301-1600),
(279, 196, 'SE', 'se', 'Hp 5 Kapı', NULL, 'Manuel', NULL, 1598),
(280, 196, 'SX', 'sx', 'Hp 5 Kapı', NULL, 'Otomatik', NULL, 1598),
(281, 196, 'WTCC', 'wtcc', 'Sedan', NULL, 'Otomatik', NULL, 1598),
(282, 198, 'S', 's', 'Hp 5 Kapı', NULL, 'Manuel', NULL, 796),
(283, 198, 'SE', 'se', 'Hp 5 Kapı', NULL, 'Manuel', NULL, 796),
(284, 199, 'LS', 'ls', 'Hp 5 Kapı', NULL, 'Manuel', NULL, 1300),
(285, 199, 'SE', 'se', 'Hp 5 Kapı', NULL, 'Manuel', NULL, 995),
(286, 199, 'SX', 'sx', 'Hp 5 Kapı', NULL, 'Manuel', NULL, 995),
(287, 200, 'LS', 'ls', 'Hp 5 Kapı', NULL, 'Manuel', NULL, 1206),
(288, 200, 'LT', 'lt', 'Hp 5 Kapı', NULL, 'Manuel', NULL, 1206),
(289, 200, 'LTZ', 'ltz', 'Hp 5 Kapı', NULL, 'Manuel', NULL, 1206);

-- Trims
INSERT INTO vehicle_catalog_trims (id, alt_model_id, name, slug, body_type, fuel_type, transmission, engine_power, engine_displacement) VALUES
(1, 74, 'Design', 'design', 'Cabrio', NULL, 'Otomatik', NULL, 1498),
(2, 74, 'Sport', 'sport', 'Cabrio', NULL, 'Otomatik', NULL, 1498),
(3, 76, 'Ambiente', 'ambiente', 'Cabrio', NULL, 'Otomatik', NULL, 1395),
(4, 77, 'Ambition', 'ambition', 'Cabrio', NULL, 'Otomatik', NULL, 1395),
(5, 78, 'Attaction', 'attaction', 'Cabrio', NULL, 'Otomatik', NULL, 1395),
(6, 79, 'Sport Line', 'sport-line', 'Cabrio', NULL, 'Otomatik', NULL, 1395),
(7, 80, 'Design Line', 'design-line', 'Cabrio', NULL, 'Otomatik', NULL, 1498),
(8, 80, 'Sport Line', 'sport-line', 'Cabrio', NULL, 'Otomatik', NULL, 1498),
(9, 84, '1.4 TFSI', '1-4-tfsi', 'Hp 3 Kapı', NULL, 'Otomatik', NULL, 1390),
(10, 84, 'Ambiente', 'ambiente', 'Hp 3 Kapı', NULL, 'Otomatik', NULL, 1390),
(11, 84, 'Ambition', 'ambition', 'Hp 3 Kapı', NULL, 'Otomatik', NULL, 1390),
(12, 84, 'Attaction', 'attaction', 'Hp 3 Kapı', NULL, 'Manuel', NULL, 1390),
(13, 84, 'Sport Line', 'sport-line', 'Hp 5 Kapı', NULL, 'Otomatik', NULL, 1301-1600),
(14, 85, '1.6', '1-6', 'Hp 3 Kapı', NULL, 'Manuel', NULL, 1595),
(15, 85, 'Ambiente', 'ambiente', 'Hp 3 Kapı', NULL, 'Otomatik', NULL, 1595),
(16, 85, 'Ambition', 'ambition', 'Hp 3 Kapı', NULL, 'Otomatik', NULL, 1595),
(17, 85, 'Attaction', 'attaction', 'Hp 3 Kapı', NULL, 'Manuel', NULL, 1595),
(18, 86, '1.6 FSI', '1-6-fsi', 'Hp 3 Kapı', NULL, 'Manuel', NULL, 1595),
(19, 87, 'Ambiente', 'ambiente', 'Hp 3 Kapı', NULL, 'Otomatik', NULL, 1598),
(20, 87, 'Ambition', 'ambition', 'Hp 3 Kapı', NULL, 'Otomatik', NULL, 1301-1600),
(21, 87, 'Attaction', 'attaction', 'Hp 3 Kapı', NULL, 'Otomatik', NULL, 1598),
(22, 88, 'Ambiente', 'ambiente', 'Hp 3 Kapı', NULL, 'Manuel', NULL, 1781),
(23, 89, 'Ambition', 'ambition', 'Hp 5 Kapı', NULL, 'Otomatik', NULL, 1601-1800),
(24, 90, 'Attaction', 'attaction', 'Hp 5 Kapı', NULL, 'Otomatik', NULL, 1301-1600),
(25, 91, 'Attaction', 'attaction', 'Hp 5 Kapı', NULL, 'Manuel', NULL, 1896),
(26, 91, 'S - Line', 's---line', 'Hp 5 Kapı', NULL, 'Manuel', NULL, 1801-2000),
(27, 92, 'Ambition', 'ambition', 'hp 3 Kapı', NULL, 'Otomatik', NULL, NULL),
(28, 93, '2.0 TDI', '2-0-tdi-', 'hp 3 Kapı', NULL, 'Manuel', NULL, 1968),
(29, 94, 'Design', 'design-', 'Sedan', NULL, 'Otomatik', NULL, 1598),
(30, 94, 'Dynamic', 'dynamic', 'Sedan', NULL, 'Otomatik', NULL, 1598),
(31, 94, 'Sport', 'sport', 'Sedan', NULL, 'Otomatik', NULL, 1598),
(32, 95, 'Advanced', 'advanced', 'Sedan', NULL, 'Otomatik', NULL, 999),
(33, 95, 'Dynamic', 'dynamic', 'Sedan', NULL, 'Otomatik', NULL, 999),
(34, 95, 'S Line', 's-line', 'Sedan', NULL, 'Otomatik', NULL, 999),
(35, 96, '35 TFSI', '35-tfsi-', 'Sedan', NULL, 'Otomatik', NULL, 1601-1800),
(36, 96, 'Advanced', 'advanced', 'Sedan', NULL, 'Otomatik', NULL, 1498),
(37, 96, 'Design', 'design-', 'Sedan', NULL, 'Otomatik', NULL, 1498),
(38, 96, 'Dynamic', 'dynamic', 'Sedan', NULL, 'Otomatik', NULL, 1498),
(39, 96, 'S Line', 's-line', 'Sedan', NULL, 'Otomatik', NULL, 1301-1600),
(40, 96, 'Sport', 'sport', 'Sedan', NULL, 'Otomatik', NULL, 1301-1600),
(41, 97, '1.0 TFSI', '1-0-tfsi-', 'Sedan', NULL, 'Otomatik', NULL, 1300),
(42, 97, 'Design Line', 'design-line-', 'Sedan', NULL, 'Otomatik', NULL, 999),
(43, 97, 'Dynamic', 'dynamic', 'Sedan', NULL, 'Otomatik', NULL, 999),
(44, 97, 'Sport Line', 'sport-line', 'Sedan', NULL, 'Otomatik', NULL, 999),
(45, 98, 'Ambiente', 'ambiente', 'Sedan', NULL, 'Manuel', NULL, 1197),
(46, 98, 'Ambition', 'ambition', 'Sedan', NULL, 'Manuel', NULL, 1197),
(47, 98, 'Attraction', 'attraction', 'Sedan', NULL, 'Manuel', NULL, 1197),
(48, 99, 'Ambiente', 'ambiente', 'Sedan', NULL, 'Otomatik', NULL, 1395),
(49, 99, 'Ambition', 'ambition', 'Sedan', NULL, 'Otomatik', NULL, 1395),
(50, 99, 'Attraction', 'attraction', 'Sedan', NULL, 'Otomatik', NULL, 1395),
(51, 100, 'Design Line', 'design-line-', 'Sedan', NULL, 'Otomatik', NULL, 1498),
(52, 100, 'Dynamic', 'dynamic', 'Sedan', NULL, 'Otomatik', NULL, 1498),
(53, 100, 'Sport Line', 'sport-line', 'Sedan', NULL, 'Otomatik', NULL, 1498),
(54, 101, '1.6 TDI', '1-6-tdi-', 'Sedan', NULL, 'Otomatik', NULL, 1301-1600),
(55, 101, 'Ambiente', 'ambiente', 'Sedan', NULL, 'Otomatik', NULL, 1598),
(56, 101, 'Ambition', 'ambition', 'Sedan', NULL, 'Otomatik', NULL, 1598),
(57, 101, 'Attraction', 'attraction', 'Sedan', NULL, 'Otomatik', NULL, 1598),
(58, 101, 'Design Line', 'design-line-', 'Sedan', NULL, 'Otomatik', NULL, 1598),
(59, 101, 'Dynamic', 'dynamic', 'Sedan', NULL, 'Otomatik', NULL, 1598),
(60, 101, 'S Line', 's-line-', 'Sedan', NULL, 'Otomatik', NULL, 1301-1600),
(61, 101, 'Sport Line', 'sport-line', 'Sedan', NULL, 'Otomatik', NULL, 1301-1600),
(62, 102, 'Design', 'design-', 'Hp 5 Kapı', NULL, 'Otomatik', NULL, 1598),
(63, 102, 'Dynamic', 'dynamic', 'Hp 5 Kapı', NULL, 'Otomatik', NULL, 1598),
(64, 102, 'Sport', 'sport', 'Hp 5 Kapı', NULL, 'Otomatik', NULL, 1598),
(65, 103, 'Advanced', 'advanced', 'Hp 5 Kapı', NULL, 'Otomatik', NULL, 999),
(66, 103, 'Dynamic', 'dynamic', 'Hp 5 Kapı', NULL, 'Otomatik', NULL, 999),
(67, 103, 'S Line', 's-line', 'Hp 5 Kapı', NULL, 'Otomatik', NULL, 999),
(68, 104, 'Advanced', 'advanced', 'Hp 5 Kapı', NULL, 'Otomatik', NULL, 1498),
(69, 105, 'All Street', 'all-street-', 'Hp 5 Kapı', NULL, 'Otomatik', NULL, 1498),
(70, 104, 'Design', 'design-', 'Hp 5 Kapı', NULL, 'Otomatik', NULL, 1498),
(71, 104, 'Dynamic', 'dynamic', 'Hp 5 Kapı', NULL, 'Otomatik', NULL, 1498),
(72, 104, 'S Line', 's-line', 'Hp 5 Kapı', NULL, 'Otomatik', NULL, 1498),
(73, 104, 'Sport', 'sport', 'Hp 5 Kapı', NULL, 'Otomatik', NULL, 1498),
(74, 106, 'Design Line', 'design-line-', 'Hp 5 Kapı', NULL, 'Otomatik', NULL, 999),
(75, 106, 'Dynamic', 'dynamic', 'Hp 5 Kapı', NULL, 'Otomatik', NULL, 999),
(76, 106, 'Sport Line', 'sport-line', 'Hp 5 Kapı', NULL, 'Otomatik', NULL, 999),
(77, 107, 'Ambiente', 'ambiente', 'Hp 5 Kapı', NULL, 'Manuel', NULL, 1197),
(78, 107, 'Attraction', 'attraction', 'Hp 5 Kapı', NULL, 'Manuel', NULL, 1197),
(79, 108, '1.4 TFSI', '1-4-tfsi-', 'Hp 5 Kapı', NULL, 'Manuel', NULL, 1390),
(80, 108, 'Ambiente', 'ambiente', 'Hp 5 Kapı', NULL, 'Otomatik', NULL, 1395),
(81, 108, 'Ambition', 'ambition', 'Hp 5 Kapı', NULL, 'Otomatik', NULL, 1390),
(82, 108, 'Attraction', 'attraction', 'Hp 5 Kapı', NULL, 'Otomatik', NULL, 1390),
(83, 108, 'Sport Line', 'sport-line', 'Hp 5 Kapı', NULL, 'Manuel', NULL, 1601-1800),
(84, 109, 'Dynamic', 'dynamic', 'Hp 5 Kapı', NULL, 'Otomatik', NULL, 1498),
(85, 109, 'Sport Line', 'sport-line', 'Hp 5 Kapı', NULL, 'Otomatik', NULL, 1301-1600),
(86, 110, '1.6', '1-6', 'Hp 5 Kapı', NULL, 'Otomatik', NULL, 1595),
(87, 110, 'Ambiente', 'ambiente', 'Hp 5 Kapı', NULL, 'Otomatik', NULL, 1595),
(88, 110, 'Ambition', 'ambition', 'Hp 5 Kapı', NULL, 'Otomatik', NULL, 1595),
(89, 110, 'Attraction', 'attraction', 'Hp 5 Kapı', NULL, 'Otomatik', NULL, 1595),
(90, 112, 'Standart', 'standart', 'Hp 5 Kapı', NULL, 'Otomatik', NULL, 1598),
(91, 112, 'Ambiente', 'ambiente', 'Hp 5 Kapı', NULL, 'Otomatik', NULL, 1598),
(92, 112, 'Ambition', 'ambition', 'Hp 5 Kapı', NULL, 'Otomatik', NULL, 1598),
(93, 112, 'Attraction', 'attraction', 'Hp 5 Kapı', NULL, 'Otomatik', NULL, 1598),
(94, 112, 'Design Line', 'design-line-', 'Hp 5 Kapı', NULL, 'Otomatik', NULL, 1598),
(95, 112, 'Dynamic', 'dynamic', 'Hp 5 Kapı', NULL, 'Otomatik', NULL, 1598),
(96, 112, 'Sport Line', 'sport-line', 'Hp 5 Kapı', NULL, 'Otomatik', NULL, 1598),
(97, 113, 'Ambiente', 'ambiente', 'Hp 5 Kapı', NULL, 'Manuel', NULL, 1781),
(98, 114, 'Ambiente', 'ambiente', 'Hp 5 Kapı', NULL, 'Manuel', NULL, 1781),
(99, 115, 'Ambition', 'ambition', 'Hp 5 Kapı', NULL, 'Otomatik', NULL, 1798),
(100, 115, 'Attraction', 'attraction', 'Hp 5 Kapı', NULL, 'Otomatik', NULL, 1798),
(101, 116, '1.9 TDI', '1-9-tdi', 'Hp 5 Kapı', NULL, 'Manuel', NULL, 1801-2000),
(102, 116, 'Attraction', 'attraction', 'Hp 5 Kapı', NULL, 'Manuel', NULL, 1801-2000),
(103, 117, 'Ambition', 'ambition', 'Hp 5 Kapı', NULL, 'Otomatik', NULL, 1984),
(104, 118, '2.0 TDI', '2-0-tdi-', 'Hp 5 Kapı', NULL, 'Manuel', NULL, 1968),
(105, 118, 'Ambition', 'ambition', 'Hp 5 Kapı', NULL, 'Manuel', NULL, 1968),
(106, 118, 'Ambition Qutro', 'ambition-qutro-', 'Hp 5 Kapı', NULL, 'Manuel', NULL, 1968),
(107, 119, 'Ambition Qutro', 'ambition-qutro-', 'Hp 3 Kapı', NULL, 'Manuel', NULL, 3001-3500),
(108, 120, 'Quattro Advanced', 'quattro-advanced-', 'Station Wagon', NULL, 'Otomatik', NULL, 1968),
(109, 120, 'Quttro S Line', 'quttro-s-line', 'Station Wagon', NULL, 'Otomatik', NULL, 1968),
(110, 143, 'Advanced', 'advanced', 'Sedan', NULL, 'Otomatik', NULL, 1968),
(111, 143, 'Quattro Advanced', 'quattro-advanced-', 'Sedan', NULL, 'Otomatik', NULL, 1968),
(112, 143, 'Design', 'design', 'Sedan', NULL, 'Otomatik', NULL, 1968),
(113, 143, 'S Line', 's-line', 'Sedan', NULL, 'Otomatik', NULL, 1968),
(114, 143, 'Quattro S Line', 'quattro-s-line', 'Sedan', NULL, 'Otomatik', NULL, 1968),
(115, 143, 'Sport', 'sport', 'Sedan', NULL, 'Otomatik', NULL, 1801-2000),
(116, 144, 'Quattro Advanced', 'quattro-advanced-', 'Sedan', NULL, 'Otomatik', NULL, 1984),
(117, 144, 'Quatro Design', 'quatro-design', 'Sedan', NULL, 'Otomatik', NULL, 1984),
(118, 144, 'Quattro S Line', 'quattro-s-line', 'Sedan', NULL, 'Otomatik', NULL, 1984),
(119, 183, 'Quattro S Line', 'quattro-s-line', 'Cabrio', NULL, 'Otomatik', NULL, 1968),
(120, 184, 'Quattro S Line', 'quattro-s-line', 'Cabrio', NULL, 'Otomatik', NULL, 1984),
(121, 187, 'Quattro Advanced', 'quattro-advanced-', 'Coupe', NULL, 'Otomatik', NULL, 1968),
(122, 187, 'Quattro S Line', 'quattro-s-line', 'Coupe', NULL, 'Otomatik', NULL, 1801-2000),
(123, 188, 'Quattro S Line', 'quattro-s-line', 'Coupe', NULL, 'Otomatik', NULL, 1984),
(124, 203, 'Quattro Advance', 'quattro-advance', 'Hp 5 Kapı', NULL, 'Otomatik', NULL, 1968),
(125, 203, 'Quattro Design', 'quattro-design', 'Hp 5 Kapı', NULL, 'Otomatik', NULL, 1968),
(126, 203, 'Quatro S Line', 'quatro-s-line-', 'Hp 5 Kapı', NULL, 'Otomatik', NULL, 1968),
(127, 203, 'Quattro Sport', 'quattro-sport-', 'Hp 5 Kapı', NULL, 'Otomatik', NULL, 1968),
(128, 204, 'Quattro Advance', 'quattro-advance', 'Hp 5 Kapı', NULL, 'Otomatik', NULL, 1984),
(129, 204, 'Quatro S Line', 'quatro-s-line-', 'Hp 5 Kapı', NULL, 'Otomatik', NULL, 1984),
(130, 215, 'Sport', 'sport-', 'Hp 5 Kapı', NULL, 'Otomatik', NULL, 1984);

-- Reset sequences
SELECT setval('vehicle_catalog_classes_id_seq', (SELECT MAX(id) FROM vehicle_catalog_classes));
SELECT setval('vehicle_catalog_brands_id_seq', (SELECT MAX(id) FROM vehicle_catalog_brands));
SELECT setval('vehicle_catalog_series_id_seq', (SELECT MAX(id) FROM vehicle_catalog_series));
SELECT setval('vehicle_catalog_models_id_seq', (SELECT MAX(id) FROM vehicle_catalog_models));
SELECT setval('vehicle_catalog_alt_models_id_seq', (SELECT MAX(id) FROM vehicle_catalog_alt_models));
SELECT setval('vehicle_catalog_trims_id_seq', (SELECT MAX(id) FROM vehicle_catalog_trims));
