-- Auto-generated vehicle catalog from Excel
-- Source: Deniz Güncel Sahibinden.xlsx
-- Generated on: 2026-01-20T18:27:10.611Z

BEGIN;

-- Drop existing catalog tables
DROP TABLE IF EXISTS vehicle_catalog_trims CASCADE;
DROP TABLE IF EXISTS vehicle_catalog_alt_models CASCADE;
DROP TABLE IF EXISTS vehicle_catalog_models CASCADE;
DROP TABLE IF EXISTS vehicle_catalog_series CASCADE;
DROP TABLE IF EXISTS vehicle_catalog_brands CASCADE;
DROP TABLE IF EXISTS vehicle_catalog_classes CASCADE;

-- Create tables
CREATE TABLE vehicle_catalog_classes (
    id SERIAL PRIMARY KEY,
    name VARCHAR(100) NOT NULL UNIQUE,
    created_at TIMESTAMP DEFAULT CURRENT_TIMESTAMP
);

CREATE TABLE vehicle_catalog_brands (
    id SERIAL PRIMARY KEY,
    class_id INT NOT NULL REFERENCES vehicle_catalog_classes(id) ON DELETE CASCADE,
    name VARCHAR(100) NOT NULL,
    logo_url TEXT,
    is_popular BOOLEAN DEFAULT false,
    sort_order INT DEFAULT 999,
    created_at TIMESTAMP DEFAULT CURRENT_TIMESTAMP,
    UNIQUE(class_id, name)
);

CREATE TABLE vehicle_catalog_series (
    id SERIAL PRIMARY KEY,
    brand_id INT NOT NULL REFERENCES vehicle_catalog_brands(id) ON DELETE CASCADE,
    name VARCHAR(200) NOT NULL,
    created_at TIMESTAMP DEFAULT CURRENT_TIMESTAMP,
    UNIQUE(brand_id, name)
);

CREATE TABLE vehicle_catalog_models (
    id SERIAL PRIMARY KEY,
    series_id INT NOT NULL REFERENCES vehicle_catalog_series(id) ON DELETE CASCADE,
    name VARCHAR(200) NOT NULL,
    created_at TIMESTAMP DEFAULT CURRENT_TIMESTAMP,
    UNIQUE(series_id, name)
);

CREATE TABLE vehicle_catalog_alt_models (
    id SERIAL PRIMARY KEY,
    model_id INT NOT NULL REFERENCES vehicle_catalog_models(id) ON DELETE CASCADE,
    name VARCHAR(200) NOT NULL,
    created_at TIMESTAMP DEFAULT CURRENT_TIMESTAMP,
    UNIQUE(model_id, name)
);

CREATE TABLE vehicle_catalog_trims (
    id SERIAL PRIMARY KEY,
    alt_model_id INT REFERENCES vehicle_catalog_alt_models(id) ON DELETE CASCADE,
    model_id INT REFERENCES vehicle_catalog_models(id) ON DELETE CASCADE,
    name VARCHAR(200),
    body_type VARCHAR(50),
    fuel_type VARCHAR(50),
    transmission VARCHAR(50),
    engine_power VARCHAR(50),
    engine_displacement INT,
    created_at TIMESTAMP DEFAULT CURRENT_TIMESTAMP,
    CHECK (alt_model_id IS NOT NULL OR model_id IS NOT NULL)
);

-- Create indexes
CREATE INDEX idx_catalog_brands_class ON vehicle_catalog_brands(class_id);
CREATE INDEX idx_catalog_brands_popular ON vehicle_catalog_brands(is_popular);
CREATE INDEX idx_catalog_series_brand ON vehicle_catalog_series(brand_id);
CREATE INDEX idx_catalog_models_series ON vehicle_catalog_models(series_id);
CREATE INDEX idx_catalog_alt_models_model ON vehicle_catalog_alt_models(model_id);
CREATE INDEX idx_catalog_trims_alt_model ON vehicle_catalog_trims(alt_model_id);
CREATE INDEX idx_catalog_trims_model ON vehicle_catalog_trims(model_id);

-- Insert classes
INSERT INTO vehicle_catalog_classes (id, name) VALUES (1, 'Otomobil');
SELECT setval('vehicle_catalog_classes_id_seq', 2);

-- Insert brands
INSERT INTO vehicle_catalog_brands (id, class_id, name, is_popular, sort_order) VALUES (8, 1, 'Audi', true, 3);
INSERT INTO vehicle_catalog_brands (id, class_id, name, is_popular, sort_order) VALUES (1, 1, 'Abarth', false, 999);
INSERT INTO vehicle_catalog_brands (id, class_id, name, is_popular, sort_order) VALUES (2, 1, 'Aion', false, 999);
INSERT INTO vehicle_catalog_brands (id, class_id, name, is_popular, sort_order) VALUES (3, 1, 'Alfa Romeo', false, 999);
INSERT INTO vehicle_catalog_brands (id, class_id, name, is_popular, sort_order) VALUES (4, 1, 'Alpine', false, 999);
INSERT INTO vehicle_catalog_brands (id, class_id, name, is_popular, sort_order) VALUES (5, 1, 'Anadol', false, 999);
INSERT INTO vehicle_catalog_brands (id, class_id, name, is_popular, sort_order) VALUES (6, 1, 'Arora', false, 999);
INSERT INTO vehicle_catalog_brands (id, class_id, name, is_popular, sort_order) VALUES (7, 1, 'Aston Martin', false, 999);
INSERT INTO vehicle_catalog_brands (id, class_id, name, is_popular, sort_order) VALUES (9, 1, 'Bentley', false, 999);
INSERT INTO vehicle_catalog_brands (id, class_id, name, is_popular, sort_order) VALUES (10, 1, 'Buick', false, 999);
INSERT INTO vehicle_catalog_brands (id, class_id, name, is_popular, sort_order) VALUES (11, 1, 'BYD', false, 999);
INSERT INTO vehicle_catalog_brands (id, class_id, name, is_popular, sort_order) VALUES (12, 1, 'Cadillac', false, 999);
INSERT INTO vehicle_catalog_brands (id, class_id, name, is_popular, sort_order) VALUES (13, 1, 'Chery', false, 999);
INSERT INTO vehicle_catalog_brands (id, class_id, name, is_popular, sort_order) VALUES (14, 1, 'Chevrolet', false, 999);
SELECT setval('vehicle_catalog_brands_id_seq', 15);

-- Insert series
INSERT INTO vehicle_catalog_series (id, brand_id, name) VALUES (1, 1, '500e');
INSERT INTO vehicle_catalog_series (id, brand_id, name) VALUES (2, 2, 'S');
INSERT INTO vehicle_catalog_series (id, brand_id, name) VALUES (3, 2, 'S Plus');
INSERT INTO vehicle_catalog_series (id, brand_id, name) VALUES (4, 3, 'Giulia');
INSERT INTO vehicle_catalog_series (id, brand_id, name) VALUES (5, 3, 'Giulia Quadrifoglio');
INSERT INTO vehicle_catalog_series (id, brand_id, name) VALUES (6, 3, 'Giulietta');
INSERT INTO vehicle_catalog_series (id, brand_id, name) VALUES (7, 3, '145');
INSERT INTO vehicle_catalog_series (id, brand_id, name) VALUES (8, 3, '146');
INSERT INTO vehicle_catalog_series (id, brand_id, name) VALUES (9, 3, '147');
INSERT INTO vehicle_catalog_series (id, brand_id, name) VALUES (10, 3, '155');
INSERT INTO vehicle_catalog_series (id, brand_id, name) VALUES (11, 3, '156');
INSERT INTO vehicle_catalog_series (id, brand_id, name) VALUES (12, 3, '159');
INSERT INTO vehicle_catalog_series (id, brand_id, name) VALUES (13, 3, '166');
INSERT INTO vehicle_catalog_series (id, brand_id, name) VALUES (14, 3, '33');
INSERT INTO vehicle_catalog_series (id, brand_id, name) VALUES (15, 3, '75');
INSERT INTO vehicle_catalog_series (id, brand_id, name) VALUES (16, 3, 'Brera');
INSERT INTO vehicle_catalog_series (id, brand_id, name) VALUES (17, 3, 'GT');
INSERT INTO vehicle_catalog_series (id, brand_id, name) VALUES (18, 3, 'GTV');
INSERT INTO vehicle_catalog_series (id, brand_id, name) VALUES (19, 3, 'Mito');
INSERT INTO vehicle_catalog_series (id, brand_id, name) VALUES (20, 4, 'A290');
INSERT INTO vehicle_catalog_series (id, brand_id, name) VALUES (21, 5, 'A');
INSERT INTO vehicle_catalog_series (id, brand_id, name) VALUES (22, 5, 'SV');
INSERT INTO vehicle_catalog_series (id, brand_id, name) VALUES (23, 6, 'S1');
INSERT INTO vehicle_catalog_series (id, brand_id, name) VALUES (24, 7, 'DB11');
INSERT INTO vehicle_catalog_series (id, brand_id, name) VALUES (25, 7, 'DB12');
INSERT INTO vehicle_catalog_series (id, brand_id, name) VALUES (26, 7, 'DB7');
INSERT INTO vehicle_catalog_series (id, brand_id, name) VALUES (27, 7, 'DB9');
INSERT INTO vehicle_catalog_series (id, brand_id, name) VALUES (28, 7, 'DBS');
INSERT INTO vehicle_catalog_series (id, brand_id, name) VALUES (29, 7, 'Rapide');
INSERT INTO vehicle_catalog_series (id, brand_id, name) VALUES (30, 7, 'Vanquish');
INSERT INTO vehicle_catalog_series (id, brand_id, name) VALUES (31, 7, 'Vantage');
INSERT INTO vehicle_catalog_series (id, brand_id, name) VALUES (32, 8, 'A1');
INSERT INTO vehicle_catalog_series (id, brand_id, name) VALUES (33, 8, 'A2');
INSERT INTO vehicle_catalog_series (id, brand_id, name) VALUES (34, 8, 'A3');
INSERT INTO vehicle_catalog_series (id, brand_id, name) VALUES (35, 8, 'A4');
INSERT INTO vehicle_catalog_series (id, brand_id, name) VALUES (36, 8, 'A5');
INSERT INTO vehicle_catalog_series (id, brand_id, name) VALUES (37, 8, 'A6');
INSERT INTO vehicle_catalog_series (id, brand_id, name) VALUES (38, 8, 'A8');
INSERT INTO vehicle_catalog_series (id, brand_id, name) VALUES (39, 8, 'E-Tron GT');
INSERT INTO vehicle_catalog_series (id, brand_id, name) VALUES (40, 8, 'R8');
INSERT INTO vehicle_catalog_series (id, brand_id, name) VALUES (41, 8, 'RS');
INSERT INTO vehicle_catalog_series (id, brand_id, name) VALUES (42, 8, 'S Serisi');
INSERT INTO vehicle_catalog_series (id, brand_id, name) VALUES (43, 8, 'TTS');
INSERT INTO vehicle_catalog_series (id, brand_id, name) VALUES (44, 8, '80 Serisi');
INSERT INTO vehicle_catalog_series (id, brand_id, name) VALUES (45, 8, '100 Serisi');
INSERT INTO vehicle_catalog_series (id, brand_id, name) VALUES (46, 8, '200 Serisi');
INSERT INTO vehicle_catalog_series (id, brand_id, name) VALUES (47, 9, 'Continental');
INSERT INTO vehicle_catalog_series (id, brand_id, name) VALUES (48, 9, 'Flying Spor');
INSERT INTO vehicle_catalog_series (id, brand_id, name) VALUES (49, 9, 'Azure');
INSERT INTO vehicle_catalog_series (id, brand_id, name) VALUES (50, 9, 'Mulsanne');
INSERT INTO vehicle_catalog_series (id, brand_id, name) VALUES (51, 10, 'Le Sabre');
INSERT INTO vehicle_catalog_series (id, brand_id, name) VALUES (52, 10, 'Park Avenue');
INSERT INTO vehicle_catalog_series (id, brand_id, name) VALUES (53, 10, 'Regal');
INSERT INTO vehicle_catalog_series (id, brand_id, name) VALUES (54, 10, 'Riviera');
INSERT INTO vehicle_catalog_series (id, brand_id, name) VALUES (55, 10, 'Roadmaster');
INSERT INTO vehicle_catalog_series (id, brand_id, name) VALUES (56, 10, 'Skylark');
INSERT INTO vehicle_catalog_series (id, brand_id, name) VALUES (57, 11, 'Dolphin');
INSERT INTO vehicle_catalog_series (id, brand_id, name) VALUES (58, 11, 'F3');
INSERT INTO vehicle_catalog_series (id, brand_id, name) VALUES (59, 11, 'Han');
INSERT INTO vehicle_catalog_series (id, brand_id, name) VALUES (60, 11, 'Song L');
INSERT INTO vehicle_catalog_series (id, brand_id, name) VALUES (61, 11, 'Seal');
INSERT INTO vehicle_catalog_series (id, brand_id, name) VALUES (62, 12, 'CTS');
INSERT INTO vehicle_catalog_series (id, brand_id, name) VALUES (63, 12, 'Brougham');
INSERT INTO vehicle_catalog_series (id, brand_id, name) VALUES (64, 12, 'DeVille');
INSERT INTO vehicle_catalog_series (id, brand_id, name) VALUES (65, 12, 'Eldorado');
INSERT INTO vehicle_catalog_series (id, brand_id, name) VALUES (66, 12, 'Fleetwood');
INSERT INTO vehicle_catalog_series (id, brand_id, name) VALUES (67, 12, 'Seville');
INSERT INTO vehicle_catalog_series (id, brand_id, name) VALUES (68, 12, 'STS');
INSERT INTO vehicle_catalog_series (id, brand_id, name) VALUES (69, 13, 'Alia');
INSERT INTO vehicle_catalog_series (id, brand_id, name) VALUES (70, 13, 'Chance');
INSERT INTO vehicle_catalog_series (id, brand_id, name) VALUES (71, 13, 'Kimo');
INSERT INTO vehicle_catalog_series (id, brand_id, name) VALUES (72, 13, 'Niche');
INSERT INTO vehicle_catalog_series (id, brand_id, name) VALUES (73, 14, 'Aveo');
INSERT INTO vehicle_catalog_series (id, brand_id, name) VALUES (74, 14, 'Camaro');
INSERT INTO vehicle_catalog_series (id, brand_id, name) VALUES (75, 14, 'Caprice');
INSERT INTO vehicle_catalog_series (id, brand_id, name) VALUES (76, 14, 'Celebrity');
INSERT INTO vehicle_catalog_series (id, brand_id, name) VALUES (77, 14, 'Corvette');
INSERT INTO vehicle_catalog_series (id, brand_id, name) VALUES (78, 14, 'Cruze');
INSERT INTO vehicle_catalog_series (id, brand_id, name) VALUES (79, 14, 'Epica');
INSERT INTO vehicle_catalog_series (id, brand_id, name) VALUES (80, 14, 'Evanda');
INSERT INTO vehicle_catalog_series (id, brand_id, name) VALUES (81, 14, 'Impala');
INSERT INTO vehicle_catalog_series (id, brand_id, name) VALUES (82, 14, 'Kalos');
INSERT INTO vehicle_catalog_series (id, brand_id, name) VALUES (83, 14, 'Lacetti');
INSERT INTO vehicle_catalog_series (id, brand_id, name) VALUES (84, 14, 'Rezzo');
INSERT INTO vehicle_catalog_series (id, brand_id, name) VALUES (85, 14, 'Spark');
SELECT setval('vehicle_catalog_series_id_seq', 86);

-- Insert models
INSERT INTO vehicle_catalog_models (id, series_id, name) VALUES (1, 1, 'Cabrio');
INSERT INTO vehicle_catalog_models (id, series_id, name) VALUES (2, 2, '580');
INSERT INTO vehicle_catalog_models (id, series_id, name) VALUES (3, 3, '70');
INSERT INTO vehicle_catalog_models (id, series_id, name) VALUES (4, 4, '2.0');
INSERT INTO vehicle_catalog_models (id, series_id, name) VALUES (5, 4, '2.0 T');
INSERT INTO vehicle_catalog_models (id, series_id, name) VALUES (6, 5, '2.9');
INSERT INTO vehicle_catalog_models (id, series_id, name) VALUES (7, 6, '1.4 TB');
INSERT INTO vehicle_catalog_models (id, series_id, name) VALUES (8, 6, '1.6 JTD');
INSERT INTO vehicle_catalog_models (id, series_id, name) VALUES (9, 6, '1.75 TBI');
INSERT INTO vehicle_catalog_models (id, series_id, name) VALUES (10, 7, '1.4');
INSERT INTO vehicle_catalog_models (id, series_id, name) VALUES (11, 7, '1.6');
INSERT INTO vehicle_catalog_models (id, series_id, name) VALUES (12, 7, '1.7');
INSERT INTO vehicle_catalog_models (id, series_id, name) VALUES (13, 7, '2.0');
INSERT INTO vehicle_catalog_models (id, series_id, name) VALUES (14, 8, '1.4');
INSERT INTO vehicle_catalog_models (id, series_id, name) VALUES (15, 8, '1.6');
INSERT INTO vehicle_catalog_models (id, series_id, name) VALUES (16, 8, '2.0 Ti');
INSERT INTO vehicle_catalog_models (id, series_id, name) VALUES (17, 9, '1.6 TS');
INSERT INTO vehicle_catalog_models (id, series_id, name) VALUES (18, 9, '1.9');
INSERT INTO vehicle_catalog_models (id, series_id, name) VALUES (19, 9, '2.0 TS');
INSERT INTO vehicle_catalog_models (id, series_id, name) VALUES (20, 10, '2.0');
INSERT INTO vehicle_catalog_models (id, series_id, name) VALUES (21, 11, '1.6 TS');
INSERT INTO vehicle_catalog_models (id, series_id, name) VALUES (22, 11, '1.9 JTD');
INSERT INTO vehicle_catalog_models (id, series_id, name) VALUES (23, 11, '2.0 JTS');
INSERT INTO vehicle_catalog_models (id, series_id, name) VALUES (24, 11, '2.0 TS');
INSERT INTO vehicle_catalog_models (id, series_id, name) VALUES (25, 11, '2.5');
INSERT INTO vehicle_catalog_models (id, series_id, name) VALUES (26, 12, '1.9 JTD');
INSERT INTO vehicle_catalog_models (id, series_id, name) VALUES (27, 12, '1.9 JTS');
INSERT INTO vehicle_catalog_models (id, series_id, name) VALUES (28, 12, '3.2 TJS');
INSERT INTO vehicle_catalog_models (id, series_id, name) VALUES (29, 13, '2.0');
INSERT INTO vehicle_catalog_models (id, series_id, name) VALUES (30, 14, '1.5');
INSERT INTO vehicle_catalog_models (id, series_id, name) VALUES (31, 14, '1.7');
INSERT INTO vehicle_catalog_models (id, series_id, name) VALUES (32, 15, '1.8 T');
INSERT INTO vehicle_catalog_models (id, series_id, name) VALUES (33, 16, '2.2');
INSERT INTO vehicle_catalog_models (id, series_id, name) VALUES (34, 17, '1.9 JTD');
INSERT INTO vehicle_catalog_models (id, series_id, name) VALUES (35, 17, '2.0 JTS');
INSERT INTO vehicle_catalog_models (id, series_id, name) VALUES (36, 18, '2.0');
INSERT INTO vehicle_catalog_models (id, series_id, name) VALUES (37, 19, '1.3 jtd');
INSERT INTO vehicle_catalog_models (id, series_id, name) VALUES (38, 19, '1.4 TB');
INSERT INTO vehicle_catalog_models (id, series_id, name) VALUES (39, 19, '1.6 JTD');
INSERT INTO vehicle_catalog_models (id, series_id, name) VALUES (40, 20, 'GT');
INSERT INTO vehicle_catalog_models (id, series_id, name) VALUES (41, 20, 'GTS');
INSERT INTO vehicle_catalog_models (id, series_id, name) VALUES (42, 21, 'A1');
INSERT INTO vehicle_catalog_models (id, series_id, name) VALUES (43, 21, 'A2');
INSERT INTO vehicle_catalog_models (id, series_id, name) VALUES (44, 21, 'A2 SL');
INSERT INTO vehicle_catalog_models (id, series_id, name) VALUES (45, 22, '1.6');
INSERT INTO vehicle_catalog_models (id, series_id, name) VALUES (46, 24, 'Coupe');
INSERT INTO vehicle_catalog_models (id, series_id, name) VALUES (47, 25, 'Coupe');
INSERT INTO vehicle_catalog_models (id, series_id, name) VALUES (48, 25, 'Volante');
INSERT INTO vehicle_catalog_models (id, series_id, name) VALUES (49, 26, 'Coupe');
INSERT INTO vehicle_catalog_models (id, series_id, name) VALUES (50, 26, 'Volante');
INSERT INTO vehicle_catalog_models (id, series_id, name) VALUES (51, 27, 'Coupe');
INSERT INTO vehicle_catalog_models (id, series_id, name) VALUES (52, 27, 'Volante');
INSERT INTO vehicle_catalog_models (id, series_id, name) VALUES (53, 27, 'GT 007 Bond Edition');
INSERT INTO vehicle_catalog_models (id, series_id, name) VALUES (54, 28, 'DBS Coupe');
INSERT INTO vehicle_catalog_models (id, series_id, name) VALUES (55, 29, 'V12 Rapide');
INSERT INTO vehicle_catalog_models (id, series_id, name) VALUES (56, 29, 'V12 Rapide S');
INSERT INTO vehicle_catalog_models (id, series_id, name) VALUES (57, 30, 'V12');
INSERT INTO vehicle_catalog_models (id, series_id, name) VALUES (58, 31, 'V8 Vantage');
INSERT INTO vehicle_catalog_models (id, series_id, name) VALUES (59, 31, 'V8 Vantage F1 Edition');
INSERT INTO vehicle_catalog_models (id, series_id, name) VALUES (60, 31, 'V8 Vantage N430');
INSERT INTO vehicle_catalog_models (id, series_id, name) VALUES (61, 31, 'V8 Vantage Roadster');
INSERT INTO vehicle_catalog_models (id, series_id, name) VALUES (62, 31, 'V8 Vantage S');
INSERT INTO vehicle_catalog_models (id, series_id, name) VALUES (63, 32, '1.4 TFSI');
INSERT INTO vehicle_catalog_models (id, series_id, name) VALUES (64, 32, '1.6 TDI');
INSERT INTO vehicle_catalog_models (id, series_id, name) VALUES (65, 33, '1.4');
INSERT INTO vehicle_catalog_models (id, series_id, name) VALUES (66, 34, 'A3 Cabrio');
INSERT INTO vehicle_catalog_models (id, series_id, name) VALUES (67, 35, 'A3 Cabrio');
INSERT INTO vehicle_catalog_models (id, series_id, name) VALUES (68, 36, 'A3 Cabrio');
INSERT INTO vehicle_catalog_models (id, series_id, name) VALUES (69, 37, 'A3 Cabrio');
INSERT INTO vehicle_catalog_models (id, series_id, name) VALUES (70, 34, 'A3 Hatchback');
INSERT INTO vehicle_catalog_models (id, series_id, name) VALUES (71, 35, 'A3 Hatchback');
INSERT INTO vehicle_catalog_models (id, series_id, name) VALUES (72, 36, 'A3 Hatchback');
INSERT INTO vehicle_catalog_models (id, series_id, name) VALUES (73, 34, 'A3 Sedan');
INSERT INTO vehicle_catalog_models (id, series_id, name) VALUES (74, 34, 'A3 Sportback');
INSERT INTO vehicle_catalog_models (id, series_id, name) VALUES (75, 35, 'A3 Sportback');
INSERT INTO vehicle_catalog_models (id, series_id, name) VALUES (76, 35, 'A4 AVANT');
INSERT INTO vehicle_catalog_models (id, series_id, name) VALUES (77, 35, 'A4 Cabrio');
INSERT INTO vehicle_catalog_models (id, series_id, name) VALUES (78, 35, 'A4 Sedan');
INSERT INTO vehicle_catalog_models (id, series_id, name) VALUES (79, 35, 'A4 Allroad quatro');
INSERT INTO vehicle_catalog_models (id, series_id, name) VALUES (80, 36, 'A5 Avant');
INSERT INTO vehicle_catalog_models (id, series_id, name) VALUES (81, 36, 'A5 Cabrio');
INSERT INTO vehicle_catalog_models (id, series_id, name) VALUES (82, 36, 'A5 Coupe');
INSERT INTO vehicle_catalog_models (id, series_id, name) VALUES (83, 36, 'A5 Sedan');
INSERT INTO vehicle_catalog_models (id, series_id, name) VALUES (84, 36, 'A5 Sportback');
INSERT INTO vehicle_catalog_models (id, series_id, name) VALUES (85, 38, '50 TDI');
INSERT INTO vehicle_catalog_models (id, series_id, name) VALUES (86, 38, '55 TFSI');
INSERT INTO vehicle_catalog_models (id, series_id, name) VALUES (87, 38, '60 TFSI');
INSERT INTO vehicle_catalog_models (id, series_id, name) VALUES (88, 38, '2.0 TFSI Quattro');
INSERT INTO vehicle_catalog_models (id, series_id, name) VALUES (89, 38, '2.5 TDI');
INSERT INTO vehicle_catalog_models (id, series_id, name) VALUES (90, 38, '3.0');
INSERT INTO vehicle_catalog_models (id, series_id, name) VALUES (91, 38, '3.0 TDI');
INSERT INTO vehicle_catalog_models (id, series_id, name) VALUES (92, 38, '3.2 FSI');
INSERT INTO vehicle_catalog_models (id, series_id, name) VALUES (93, 38, '4.0 TDI Quattro');
INSERT INTO vehicle_catalog_models (id, series_id, name) VALUES (94, 38, '4.0 TFSI Quattro');
INSERT INTO vehicle_catalog_models (id, series_id, name) VALUES (95, 38, '46057');
INSERT INTO vehicle_catalog_models (id, series_id, name) VALUES (96, 38, '4.2 TDI');
INSERT INTO vehicle_catalog_models (id, series_id, name) VALUES (97, 38, '6.3 FSI Quattro');
INSERT INTO vehicle_catalog_models (id, series_id, name) VALUES (98, 39, 'GT Quattro');
INSERT INTO vehicle_catalog_models (id, series_id, name) VALUES (99, 39, 'GT RS');
INSERT INTO vehicle_catalog_models (id, series_id, name) VALUES (100, 40, '4.2 FSI');
INSERT INTO vehicle_catalog_models (id, series_id, name) VALUES (101, 40, '5.2 FSI');
INSERT INTO vehicle_catalog_models (id, series_id, name) VALUES (102, 41, 'RS 3');
INSERT INTO vehicle_catalog_models (id, series_id, name) VALUES (103, 41, 'RS 4');
INSERT INTO vehicle_catalog_models (id, series_id, name) VALUES (104, 41, 'RS 6');
INSERT INTO vehicle_catalog_models (id, series_id, name) VALUES (105, 41, 'RS 7');
INSERT INTO vehicle_catalog_models (id, series_id, name) VALUES (106, 42, 'S3');
INSERT INTO vehicle_catalog_models (id, series_id, name) VALUES (107, 42, 'S4');
INSERT INTO vehicle_catalog_models (id, series_id, name) VALUES (108, 42, 'S5');
INSERT INTO vehicle_catalog_models (id, series_id, name) VALUES (109, 42, 'S6');
INSERT INTO vehicle_catalog_models (id, series_id, name) VALUES (110, 43, '2.0 TFSI');
INSERT INTO vehicle_catalog_models (id, series_id, name) VALUES (111, 44, '46174');
INSERT INTO vehicle_catalog_models (id, series_id, name) VALUES (112, 44, '1.6 D');
INSERT INTO vehicle_catalog_models (id, series_id, name) VALUES (113, 44, '1.6 TD');
INSERT INTO vehicle_catalog_models (id, series_id, name) VALUES (114, 44, '46235');
INSERT INTO vehicle_catalog_models (id, series_id, name) VALUES (115, 44, '1.8 S');
INSERT INTO vehicle_catalog_models (id, series_id, name) VALUES (116, 44, '1.9 TDI');
INSERT INTO vehicle_catalog_models (id, series_id, name) VALUES (117, 44, '2.0');
INSERT INTO vehicle_catalog_models (id, series_id, name) VALUES (118, 44, '46236');
INSERT INTO vehicle_catalog_models (id, series_id, name) VALUES (119, 45, '46266');
INSERT INTO vehicle_catalog_models (id, series_id, name) VALUES (120, 45, '2.0');
INSERT INTO vehicle_catalog_models (id, series_id, name) VALUES (121, 45, '2.8 Quattro');
INSERT INTO vehicle_catalog_models (id, series_id, name) VALUES (122, 46, '46055');
INSERT INTO vehicle_catalog_models (id, series_id, name) VALUES (123, 47, 'Flying Spur');
INSERT INTO vehicle_catalog_models (id, series_id, name) VALUES (124, 47, 'Flying Spur Speed');
INSERT INTO vehicle_catalog_models (id, series_id, name) VALUES (125, 47, 'GT');
INSERT INTO vehicle_catalog_models (id, series_id, name) VALUES (126, 47, 'GTC');
INSERT INTO vehicle_catalog_models (id, series_id, name) VALUES (127, 47, 'GTC Speed');
INSERT INTO vehicle_catalog_models (id, series_id, name) VALUES (128, 47, 'GT Supersports');
INSERT INTO vehicle_catalog_models (id, series_id, name) VALUES (129, 48, '4.0');
INSERT INTO vehicle_catalog_models (id, series_id, name) VALUES (130, 48, '6.0');
INSERT INTO vehicle_catalog_models (id, series_id, name) VALUES (131, 49, '6.8');
INSERT INTO vehicle_catalog_models (id, series_id, name) VALUES (132, 50, '6.75');
INSERT INTO vehicle_catalog_models (id, series_id, name) VALUES (133, 51, '3.8');
INSERT INTO vehicle_catalog_models (id, series_id, name) VALUES (134, 52, '3.8');
INSERT INTO vehicle_catalog_models (id, series_id, name) VALUES (135, 53, '3.8');
INSERT INTO vehicle_catalog_models (id, series_id, name) VALUES (136, 54, '3.8');
INSERT INTO vehicle_catalog_models (id, series_id, name) VALUES (137, 55, '5.7');
INSERT INTO vehicle_catalog_models (id, series_id, name) VALUES (138, 56, '2.4');
INSERT INTO vehicle_catalog_models (id, series_id, name) VALUES (139, 57, 'Standart');
INSERT INTO vehicle_catalog_models (id, series_id, name) VALUES (140, 57, 'Confort');
INSERT INTO vehicle_catalog_models (id, series_id, name) VALUES (141, 57, 'Design');
INSERT INTO vehicle_catalog_models (id, series_id, name) VALUES (142, 58, '1.6');
INSERT INTO vehicle_catalog_models (id, series_id, name) VALUES (143, 59, 'Executive');
INSERT INTO vehicle_catalog_models (id, series_id, name) VALUES (144, 60, 'Excellence');
INSERT INTO vehicle_catalog_models (id, series_id, name) VALUES (145, 61, 'Design');
INSERT INTO vehicle_catalog_models (id, series_id, name) VALUES (146, 61, 'Excellence');
INSERT INTO vehicle_catalog_models (id, series_id, name) VALUES (147, 62, '2.0 L');
INSERT INTO vehicle_catalog_models (id, series_id, name) VALUES (148, 62, '2.8');
INSERT INTO vehicle_catalog_models (id, series_id, name) VALUES (149, 62, '3.2');
INSERT INTO vehicle_catalog_models (id, series_id, name) VALUES (150, 62, '6.0');
INSERT INTO vehicle_catalog_models (id, series_id, name) VALUES (151, 63, '5.7 STD');
INSERT INTO vehicle_catalog_models (id, series_id, name) VALUES (152, 64, '4.6 Concours');
INSERT INTO vehicle_catalog_models (id, series_id, name) VALUES (153, 64, '4.6 DTS');
INSERT INTO vehicle_catalog_models (id, series_id, name) VALUES (154, 65, '4.9 STD');
INSERT INTO vehicle_catalog_models (id, series_id, name) VALUES (155, 66, '4.9');
INSERT INTO vehicle_catalog_models (id, series_id, name) VALUES (156, 66, '5.7');
INSERT INTO vehicle_catalog_models (id, series_id, name) VALUES (157, 67, '4.6 STS');
INSERT INTO vehicle_catalog_models (id, series_id, name) VALUES (158, 67, '4.9 STS');
INSERT INTO vehicle_catalog_models (id, series_id, name) VALUES (159, 68, '3.6');
INSERT INTO vehicle_catalog_models (id, series_id, name) VALUES (160, 69, '1.6');
INSERT INTO vehicle_catalog_models (id, series_id, name) VALUES (161, 70, '1.6 Norma');
INSERT INTO vehicle_catalog_models (id, series_id, name) VALUES (162, 70, '2.0 Lusso');
INSERT INTO vehicle_catalog_models (id, series_id, name) VALUES (163, 71, '1.3');
INSERT INTO vehicle_catalog_models (id, series_id, name) VALUES (164, 72, '1.6 Lusso');
INSERT INTO vehicle_catalog_models (id, series_id, name) VALUES (165, 72, '1.6 Norma');
INSERT INTO vehicle_catalog_models (id, series_id, name) VALUES (166, 72, '2.0 Lusso');
INSERT INTO vehicle_catalog_models (id, series_id, name) VALUES (167, 73, '1.2');
INSERT INTO vehicle_catalog_models (id, series_id, name) VALUES (168, 73, '1.3 D');
INSERT INTO vehicle_catalog_models (id, series_id, name) VALUES (169, 73, '1.4');
INSERT INTO vehicle_catalog_models (id, series_id, name) VALUES (170, 74, '2.0');
INSERT INTO vehicle_catalog_models (id, series_id, name) VALUES (171, 74, '3.6');
INSERT INTO vehicle_catalog_models (id, series_id, name) VALUES (172, 74, '6.2');
INSERT INTO vehicle_catalog_models (id, series_id, name) VALUES (173, 74, 'RS');
INSERT INTO vehicle_catalog_models (id, series_id, name) VALUES (174, 74, 'SS');
INSERT INTO vehicle_catalog_models (id, series_id, name) VALUES (175, 74, 'Z28');
INSERT INTO vehicle_catalog_models (id, series_id, name) VALUES (176, 75, '5.0 LS');
INSERT INTO vehicle_catalog_models (id, series_id, name) VALUES (177, 76, '3.1');
INSERT INTO vehicle_catalog_models (id, series_id, name) VALUES (178, 77, 'C4');
INSERT INTO vehicle_catalog_models (id, series_id, name) VALUES (179, 77, 'C5');
INSERT INTO vehicle_catalog_models (id, series_id, name) VALUES (180, 77, 'C6');
INSERT INTO vehicle_catalog_models (id, series_id, name) VALUES (181, 77, 'C7');
INSERT INTO vehicle_catalog_models (id, series_id, name) VALUES (182, 77, 'C8');
INSERT INTO vehicle_catalog_models (id, series_id, name) VALUES (183, 77, 'Z06');
INSERT INTO vehicle_catalog_models (id, series_id, name) VALUES (184, 78, '1.4 T');
INSERT INTO vehicle_catalog_models (id, series_id, name) VALUES (185, 78, '1.6');
INSERT INTO vehicle_catalog_models (id, series_id, name) VALUES (186, 78, '2.0 D');
INSERT INTO vehicle_catalog_models (id, series_id, name) VALUES (187, 79, '2.0 D LT');
INSERT INTO vehicle_catalog_models (id, series_id, name) VALUES (188, 79, '2.0 LT');
INSERT INTO vehicle_catalog_models (id, series_id, name) VALUES (189, 80, '2.0 CDX');
INSERT INTO vehicle_catalog_models (id, series_id, name) VALUES (190, 81, '3.6');
INSERT INTO vehicle_catalog_models (id, series_id, name) VALUES (191, 81, '3.8');
INSERT INTO vehicle_catalog_models (id, series_id, name) VALUES (192, 81, '5.7');
INSERT INTO vehicle_catalog_models (id, series_id, name) VALUES (193, 82, '1.2');
INSERT INTO vehicle_catalog_models (id, series_id, name) VALUES (194, 82, '1.4');
INSERT INTO vehicle_catalog_models (id, series_id, name) VALUES (195, 83, '1.4');
INSERT INTO vehicle_catalog_models (id, series_id, name) VALUES (196, 83, '1.6');
INSERT INTO vehicle_catalog_models (id, series_id, name) VALUES (197, 84, '1.6 SX Comfort');
INSERT INTO vehicle_catalog_models (id, series_id, name) VALUES (198, 85, '0.8');
INSERT INTO vehicle_catalog_models (id, series_id, name) VALUES (199, 85, '1.0');
INSERT INTO vehicle_catalog_models (id, series_id, name) VALUES (200, 85, '1.2');
SELECT setval('vehicle_catalog_models_id_seq', 201);

-- Insert alt models
INSERT INTO vehicle_catalog_alt_models (id, model_id, name) VALUES (1, 4, 'Competizione');
INSERT INTO vehicle_catalog_alt_models (id, model_id, name) VALUES (2, 4, 'Veloce');
INSERT INTO vehicle_catalog_alt_models (id, model_id, name) VALUES (3, 5, 'Sprint');
INSERT INTO vehicle_catalog_alt_models (id, model_id, name) VALUES (4, 5, 'Veloce');
INSERT INTO vehicle_catalog_alt_models (id, model_id, name) VALUES (5, 7, 'Distinctive');
INSERT INTO vehicle_catalog_alt_models (id, model_id, name) VALUES (6, 7, 'MultiAir Distinctive');
INSERT INTO vehicle_catalog_alt_models (id, model_id, name) VALUES (7, 7, 'MultiAir Progression Pluse');
INSERT INTO vehicle_catalog_alt_models (id, model_id, name) VALUES (8, 7, 'MultiAir Super TCT');
INSERT INTO vehicle_catalog_alt_models (id, model_id, name) VALUES (9, 7, 'Progression Plus');
INSERT INTO vehicle_catalog_alt_models (id, model_id, name) VALUES (10, 8, 'Distinctive');
INSERT INTO vehicle_catalog_alt_models (id, model_id, name) VALUES (11, 8, 'Giulietta');
INSERT INTO vehicle_catalog_alt_models (id, model_id, name) VALUES (12, 8, 'Progression');
INSERT INTO vehicle_catalog_alt_models (id, model_id, name) VALUES (13, 8, 'Progression Plus');
INSERT INTO vehicle_catalog_alt_models (id, model_id, name) VALUES (14, 8, 'Sprint');
INSERT INTO vehicle_catalog_alt_models (id, model_id, name) VALUES (15, 8, 'Super TCT');
INSERT INTO vehicle_catalog_alt_models (id, model_id, name) VALUES (16, 8, 'TI');
INSERT INTO vehicle_catalog_alt_models (id, model_id, name) VALUES (17, 9, 'Quadrifoglio Verde');
INSERT INTO vehicle_catalog_alt_models (id, model_id, name) VALUES (18, 10, 'TS STD');
INSERT INTO vehicle_catalog_alt_models (id, model_id, name) VALUES (19, 11, '1.6');
INSERT INTO vehicle_catalog_alt_models (id, model_id, name) VALUES (20, 11, 'L');
INSERT INTO vehicle_catalog_alt_models (id, model_id, name) VALUES (21, 11, 'TS Sportivo');
INSERT INTO vehicle_catalog_alt_models (id, model_id, name) VALUES (22, 13, 'Quadrifoglio');
INSERT INTO vehicle_catalog_alt_models (id, model_id, name) VALUES (23, 13, 'TS QV');
INSERT INTO vehicle_catalog_alt_models (id, model_id, name) VALUES (24, 14, 'TS');
INSERT INTO vehicle_catalog_alt_models (id, model_id, name) VALUES (25, 14, 'TS Ritmo');
INSERT INTO vehicle_catalog_alt_models (id, model_id, name) VALUES (26, 15, 'L');
INSERT INTO vehicle_catalog_alt_models (id, model_id, name) VALUES (27, 15, 'TS');
INSERT INTO vehicle_catalog_alt_models (id, model_id, name) VALUES (28, 16, 'L');
INSERT INTO vehicle_catalog_alt_models (id, model_id, name) VALUES (29, 17, 'Black Line');
INSERT INTO vehicle_catalog_alt_models (id, model_id, name) VALUES (30, 17, 'Collezione');
INSERT INTO vehicle_catalog_alt_models (id, model_id, name) VALUES (31, 17, 'Distinctive');
INSERT INTO vehicle_catalog_alt_models (id, model_id, name) VALUES (32, 17, 'Progression');
INSERT INTO vehicle_catalog_alt_models (id, model_id, name) VALUES (33, 18, 'JTD Q2');
INSERT INTO vehicle_catalog_alt_models (id, model_id, name) VALUES (34, 19, 'Distinctive');
INSERT INTO vehicle_catalog_alt_models (id, model_id, name) VALUES (35, 19, 'Selespeed Distinctive');
INSERT INTO vehicle_catalog_alt_models (id, model_id, name) VALUES (36, 20, 'TS Sportivo');
INSERT INTO vehicle_catalog_alt_models (id, model_id, name) VALUES (37, 20, 'TS Super Losso');
INSERT INTO vehicle_catalog_alt_models (id, model_id, name) VALUES (38, 21, '1.6 TS');
INSERT INTO vehicle_catalog_alt_models (id, model_id, name) VALUES (39, 21, 'Distinctive');
INSERT INTO vehicle_catalog_alt_models (id, model_id, name) VALUES (40, 21, 'Progression');
INSERT INTO vehicle_catalog_alt_models (id, model_id, name) VALUES (41, 22, 'Impression');
INSERT INTO vehicle_catalog_alt_models (id, model_id, name) VALUES (42, 22, 'Sportwagon');
INSERT INTO vehicle_catalog_alt_models (id, model_id, name) VALUES (43, 23, 'Distinctive');
INSERT INTO vehicle_catalog_alt_models (id, model_id, name) VALUES (44, 24, 'Distinctive');
INSERT INTO vehicle_catalog_alt_models (id, model_id, name) VALUES (45, 24, 'Executive');
INSERT INTO vehicle_catalog_alt_models (id, model_id, name) VALUES (46, 24, 'Selespeed');
INSERT INTO vehicle_catalog_alt_models (id, model_id, name) VALUES (47, 25, '46144');
INSERT INTO vehicle_catalog_alt_models (id, model_id, name) VALUES (48, 26, 'Distinctive');
INSERT INTO vehicle_catalog_alt_models (id, model_id, name) VALUES (49, 26, 'Distinctive Plus');
INSERT INTO vehicle_catalog_alt_models (id, model_id, name) VALUES (50, 26, 'Progression');
INSERT INTO vehicle_catalog_alt_models (id, model_id, name) VALUES (51, 27, 'Distinctive');
INSERT INTO vehicle_catalog_alt_models (id, model_id, name) VALUES (52, 28, 'Q4 Distinctive');
INSERT INTO vehicle_catalog_alt_models (id, model_id, name) VALUES (53, 29, 'TB');
INSERT INTO vehicle_catalog_alt_models (id, model_id, name) VALUES (54, 30, 'Giardinetta');
INSERT INTO vehicle_catalog_alt_models (id, model_id, name) VALUES (55, 31, 'IE');
INSERT INTO vehicle_catalog_alt_models (id, model_id, name) VALUES (56, 33, 'JTS');
INSERT INTO vehicle_catalog_alt_models (id, model_id, name) VALUES (57, 34, 'Q2');
INSERT INTO vehicle_catalog_alt_models (id, model_id, name) VALUES (58, 35, 'Dis. Selespeed');
INSERT INTO vehicle_catalog_alt_models (id, model_id, name) VALUES (59, 36, 'TB');
INSERT INTO vehicle_catalog_alt_models (id, model_id, name) VALUES (60, 37, 'City');
INSERT INTO vehicle_catalog_alt_models (id, model_id, name) VALUES (61, 38, 'Distinctive');
INSERT INTO vehicle_catalog_alt_models (id, model_id, name) VALUES (62, 38, 'Multi Quadrifoglio Verde');
INSERT INTO vehicle_catalog_alt_models (id, model_id, name) VALUES (63, 38, 'MultiAir TCT');
INSERT INTO vehicle_catalog_alt_models (id, model_id, name) VALUES (64, 38, 'MultiAir TCT Sportivo');
INSERT INTO vehicle_catalog_alt_models (id, model_id, name) VALUES (65, 38, 'Prograssion');
INSERT INTO vehicle_catalog_alt_models (id, model_id, name) VALUES (66, 39, 'Distinctive');
INSERT INTO vehicle_catalog_alt_models (id, model_id, name) VALUES (67, 39, 'Prograssion');
INSERT INTO vehicle_catalog_alt_models (id, model_id, name) VALUES (68, 63, 'Ambition');
INSERT INTO vehicle_catalog_alt_models (id, model_id, name) VALUES (69, 63, 'Attraction');
INSERT INTO vehicle_catalog_alt_models (id, model_id, name) VALUES (70, 64, 'Ambition');
INSERT INTO vehicle_catalog_alt_models (id, model_id, name) VALUES (71, 64, 'Attraction');
INSERT INTO vehicle_catalog_alt_models (id, model_id, name) VALUES (72, 64, 'S Line');
INSERT INTO vehicle_catalog_alt_models (id, model_id, name) VALUES (73, 64, 'Sport');
INSERT INTO vehicle_catalog_alt_models (id, model_id, name) VALUES (74, 66, '35 TFSI');
INSERT INTO vehicle_catalog_alt_models (id, model_id, name) VALUES (75, 66, '1.2 TFSI');
INSERT INTO vehicle_catalog_alt_models (id, model_id, name) VALUES (76, 66, '1.4 TFSI');
INSERT INTO vehicle_catalog_alt_models (id, model_id, name) VALUES (77, 67, '1.4 TFSI');
INSERT INTO vehicle_catalog_alt_models (id, model_id, name) VALUES (78, 68, '1.4 TFSI');
INSERT INTO vehicle_catalog_alt_models (id, model_id, name) VALUES (79, 69, '1.4 TFSI');
INSERT INTO vehicle_catalog_alt_models (id, model_id, name) VALUES (80, 66, '1.5 TFSI');
INSERT INTO vehicle_catalog_alt_models (id, model_id, name) VALUES (81, 66, '1.6');
INSERT INTO vehicle_catalog_alt_models (id, model_id, name) VALUES (82, 66, '1.8 TFSI');
INSERT INTO vehicle_catalog_alt_models (id, model_id, name) VALUES (83, 66, '2.0 TDI');
INSERT INTO vehicle_catalog_alt_models (id, model_id, name) VALUES (84, 70, '1.4 TFSI');
INSERT INTO vehicle_catalog_alt_models (id, model_id, name) VALUES (85, 70, '1.6');
INSERT INTO vehicle_catalog_alt_models (id, model_id, name) VALUES (86, 70, '1.6 FSI');
INSERT INTO vehicle_catalog_alt_models (id, model_id, name) VALUES (87, 70, '1.6 TDI');
INSERT INTO vehicle_catalog_alt_models (id, model_id, name) VALUES (88, 70, '1.8');
INSERT INTO vehicle_catalog_alt_models (id, model_id, name) VALUES (89, 71, '1.8');
INSERT INTO vehicle_catalog_alt_models (id, model_id, name) VALUES (90, 72, '1.8');
INSERT INTO vehicle_catalog_alt_models (id, model_id, name) VALUES (91, 70, '1.9 TDI');
INSERT INTO vehicle_catalog_alt_models (id, model_id, name) VALUES (92, 70, '2.0 FSI');
INSERT INTO vehicle_catalog_alt_models (id, model_id, name) VALUES (93, 70, '2.0 TDI');
INSERT INTO vehicle_catalog_alt_models (id, model_id, name) VALUES (94, 73, '30 TDI');
INSERT INTO vehicle_catalog_alt_models (id, model_id, name) VALUES (95, 73, '30 TFSI');
INSERT INTO vehicle_catalog_alt_models (id, model_id, name) VALUES (96, 73, '35 TFSI');
INSERT INTO vehicle_catalog_alt_models (id, model_id, name) VALUES (97, 73, '1.0 TFSI');
INSERT INTO vehicle_catalog_alt_models (id, model_id, name) VALUES (98, 73, '1.2 TFSI');
INSERT INTO vehicle_catalog_alt_models (id, model_id, name) VALUES (99, 73, '1.4 TFSI');
INSERT INTO vehicle_catalog_alt_models (id, model_id, name) VALUES (100, 73, '1.5 TFSI');
INSERT INTO vehicle_catalog_alt_models (id, model_id, name) VALUES (101, 73, '1.6 TDI');
INSERT INTO vehicle_catalog_alt_models (id, model_id, name) VALUES (102, 74, '30 TDI');
INSERT INTO vehicle_catalog_alt_models (id, model_id, name) VALUES (103, 74, '30 TFSI');
INSERT INTO vehicle_catalog_alt_models (id, model_id, name) VALUES (104, 74, '35 TFSI');
INSERT INTO vehicle_catalog_alt_models (id, model_id, name) VALUES (105, 75, '35 TFSI');
INSERT INTO vehicle_catalog_alt_models (id, model_id, name) VALUES (106, 74, '1.0 TFSI');
INSERT INTO vehicle_catalog_alt_models (id, model_id, name) VALUES (107, 74, '1.2 TFSI');
INSERT INTO vehicle_catalog_alt_models (id, model_id, name) VALUES (108, 74, '1.4 TFSI');
INSERT INTO vehicle_catalog_alt_models (id, model_id, name) VALUES (109, 74, '1.5 TFSI');
INSERT INTO vehicle_catalog_alt_models (id, model_id, name) VALUES (110, 74, '1.6');
INSERT INTO vehicle_catalog_alt_models (id, model_id, name) VALUES (111, 74, '1.6 FSI');
INSERT INTO vehicle_catalog_alt_models (id, model_id, name) VALUES (112, 74, '1.6 TDI');
INSERT INTO vehicle_catalog_alt_models (id, model_id, name) VALUES (113, 74, '1.8');
INSERT INTO vehicle_catalog_alt_models (id, model_id, name) VALUES (114, 74, '1.8 T');
INSERT INTO vehicle_catalog_alt_models (id, model_id, name) VALUES (115, 74, '1.8 TFSI');
INSERT INTO vehicle_catalog_alt_models (id, model_id, name) VALUES (116, 74, '1.9 TDI');
INSERT INTO vehicle_catalog_alt_models (id, model_id, name) VALUES (117, 74, '2.0 FSI');
INSERT INTO vehicle_catalog_alt_models (id, model_id, name) VALUES (118, 74, '2.0 TDI');
INSERT INTO vehicle_catalog_alt_models (id, model_id, name) VALUES (119, 74, '3.2');
INSERT INTO vehicle_catalog_alt_models (id, model_id, name) VALUES (120, 76, '40 TDI');
INSERT INTO vehicle_catalog_alt_models (id, model_id, name) VALUES (121, 76, '1.4 TFSI');
INSERT INTO vehicle_catalog_alt_models (id, model_id, name) VALUES (122, 76, '1.6');
INSERT INTO vehicle_catalog_alt_models (id, model_id, name) VALUES (123, 76, '1.8');
INSERT INTO vehicle_catalog_alt_models (id, model_id, name) VALUES (124, 76, '1.8 T');
INSERT INTO vehicle_catalog_alt_models (id, model_id, name) VALUES (125, 76, '1.8 TFSI');
INSERT INTO vehicle_catalog_alt_models (id, model_id, name) VALUES (126, 76, '1.9 TDI');
INSERT INTO vehicle_catalog_alt_models (id, model_id, name) VALUES (127, 76, '2.0');
INSERT INTO vehicle_catalog_alt_models (id, model_id, name) VALUES (128, 76, '2.0 TDI');
INSERT INTO vehicle_catalog_alt_models (id, model_id, name) VALUES (129, 76, '2.0 TDI Design');
INSERT INTO vehicle_catalog_alt_models (id, model_id, name) VALUES (130, 76, '2.0 TDI Dynamic');
INSERT INTO vehicle_catalog_alt_models (id, model_id, name) VALUES (131, 76, '2.0 TDI Quatto Design');
INSERT INTO vehicle_catalog_alt_models (id, model_id, name) VALUES (132, 76, '2.0 TDI Sport');
INSERT INTO vehicle_catalog_alt_models (id, model_id, name) VALUES (133, 76, '2.0 TFSI Quttro');
INSERT INTO vehicle_catalog_alt_models (id, model_id, name) VALUES (134, 76, '2.5 TDI');
INSERT INTO vehicle_catalog_alt_models (id, model_id, name) VALUES (135, 76, '2.5 TDI Quatro');
INSERT INTO vehicle_catalog_alt_models (id, model_id, name) VALUES (136, 76, '2.7');
INSERT INTO vehicle_catalog_alt_models (id, model_id, name) VALUES (137, 76, '3.0 Quatro');
INSERT INTO vehicle_catalog_alt_models (id, model_id, name) VALUES (138, 77, '1.8 T');
INSERT INTO vehicle_catalog_alt_models (id, model_id, name) VALUES (139, 77, '2.0 TFSI');
INSERT INTO vehicle_catalog_alt_models (id, model_id, name) VALUES (140, 77, '2.5 TDI');
INSERT INTO vehicle_catalog_alt_models (id, model_id, name) VALUES (141, 77, '3.0');
INSERT INTO vehicle_catalog_alt_models (id, model_id, name) VALUES (142, 77, '3.0 Quatro');
INSERT INTO vehicle_catalog_alt_models (id, model_id, name) VALUES (143, 78, '40 TDI');
INSERT INTO vehicle_catalog_alt_models (id, model_id, name) VALUES (144, 78, '45 TFSI');
INSERT INTO vehicle_catalog_alt_models (id, model_id, name) VALUES (145, 78, '1.4 TFSI');
INSERT INTO vehicle_catalog_alt_models (id, model_id, name) VALUES (146, 78, '1.4 TFSI Design');
INSERT INTO vehicle_catalog_alt_models (id, model_id, name) VALUES (147, 78, '1.4 TFSI Dynamic');
INSERT INTO vehicle_catalog_alt_models (id, model_id, name) VALUES (148, 78, '1.4 TFSI Sport');
INSERT INTO vehicle_catalog_alt_models (id, model_id, name) VALUES (149, 78, '1.6');
INSERT INTO vehicle_catalog_alt_models (id, model_id, name) VALUES (150, 78, '1.8');
INSERT INTO vehicle_catalog_alt_models (id, model_id, name) VALUES (151, 78, '1.8 Quattro');
INSERT INTO vehicle_catalog_alt_models (id, model_id, name) VALUES (152, 78, '1.8 T');
INSERT INTO vehicle_catalog_alt_models (id, model_id, name) VALUES (153, 78, '1.8 TFSI');
INSERT INTO vehicle_catalog_alt_models (id, model_id, name) VALUES (154, 78, '1.8 T Quattro');
INSERT INTO vehicle_catalog_alt_models (id, model_id, name) VALUES (155, 78, '1.9 TDI');
INSERT INTO vehicle_catalog_alt_models (id, model_id, name) VALUES (156, 78, '1.9 TDI Quattro');
INSERT INTO vehicle_catalog_alt_models (id, model_id, name) VALUES (157, 78, '2.0');
INSERT INTO vehicle_catalog_alt_models (id, model_id, name) VALUES (158, 78, '2.0 TDI');
INSERT INTO vehicle_catalog_alt_models (id, model_id, name) VALUES (159, 78, '2.0 TDI Design');
INSERT INTO vehicle_catalog_alt_models (id, model_id, name) VALUES (160, 78, '2.0 TDI Dynamic');
INSERT INTO vehicle_catalog_alt_models (id, model_id, name) VALUES (161, 78, '2.0 TDI S Line');
INSERT INTO vehicle_catalog_alt_models (id, model_id, name) VALUES (162, 78, '2.0 TDI Sport');
INSERT INTO vehicle_catalog_alt_models (id, model_id, name) VALUES (163, 78, '2.0 TDI Quatto');
INSERT INTO vehicle_catalog_alt_models (id, model_id, name) VALUES (164, 78, '2.0 TDI Quatto Design');
INSERT INTO vehicle_catalog_alt_models (id, model_id, name) VALUES (165, 78, '2.0 TDI Quatro Dynamic');
INSERT INTO vehicle_catalog_alt_models (id, model_id, name) VALUES (166, 78, '2.0 TDI Quattro Sport');
INSERT INTO vehicle_catalog_alt_models (id, model_id, name) VALUES (167, 78, '2.0 TFSI');
INSERT INTO vehicle_catalog_alt_models (id, model_id, name) VALUES (168, 78, '2.0 TFSI Quatro');
INSERT INTO vehicle_catalog_alt_models (id, model_id, name) VALUES (169, 78, '2.0 TFSI Quattro S Line');
INSERT INTO vehicle_catalog_alt_models (id, model_id, name) VALUES (170, 78, '2.4');
INSERT INTO vehicle_catalog_alt_models (id, model_id, name) VALUES (171, 78, '2.5 TDI');
INSERT INTO vehicle_catalog_alt_models (id, model_id, name) VALUES (172, 78, '2.5 TDI Quattro');
INSERT INTO vehicle_catalog_alt_models (id, model_id, name) VALUES (173, 78, '2.6');
INSERT INTO vehicle_catalog_alt_models (id, model_id, name) VALUES (174, 78, '2.7 TDI');
INSERT INTO vehicle_catalog_alt_models (id, model_id, name) VALUES (175, 78, '2.8 Quattro');
INSERT INTO vehicle_catalog_alt_models (id, model_id, name) VALUES (176, 78, '3.0 Quatro');
INSERT INTO vehicle_catalog_alt_models (id, model_id, name) VALUES (177, 78, '3.0 TDI Quttaro');
INSERT INTO vehicle_catalog_alt_models (id, model_id, name) VALUES (178, 79, '40 TDI');
INSERT INTO vehicle_catalog_alt_models (id, model_id, name) VALUES (179, 79, '45 TFSI');
INSERT INTO vehicle_catalog_alt_models (id, model_id, name) VALUES (180, 79, '2.0 TDI');
INSERT INTO vehicle_catalog_alt_models (id, model_id, name) VALUES (181, 79, '2.0 TFSI');
INSERT INTO vehicle_catalog_alt_models (id, model_id, name) VALUES (182, 80, '2.0 TDI Quattro');
INSERT INTO vehicle_catalog_alt_models (id, model_id, name) VALUES (183, 81, '40 TDI');
INSERT INTO vehicle_catalog_alt_models (id, model_id, name) VALUES (184, 81, '45 TFSI');
INSERT INTO vehicle_catalog_alt_models (id, model_id, name) VALUES (185, 81, '1.8 TFSI');
INSERT INTO vehicle_catalog_alt_models (id, model_id, name) VALUES (186, 81, '2.0 TFSI Quattro');
INSERT INTO vehicle_catalog_alt_models (id, model_id, name) VALUES (187, 82, '40 TDI');
INSERT INTO vehicle_catalog_alt_models (id, model_id, name) VALUES (188, 82, '45 TFSI');
INSERT INTO vehicle_catalog_alt_models (id, model_id, name) VALUES (189, 82, '1.4 TFSI Design');
INSERT INTO vehicle_catalog_alt_models (id, model_id, name) VALUES (190, 82, '1.4 TFSI Sport');
INSERT INTO vehicle_catalog_alt_models (id, model_id, name) VALUES (191, 82, '1.8 TFSI');
INSERT INTO vehicle_catalog_alt_models (id, model_id, name) VALUES (192, 82, '1.8 TFSI S Line');
INSERT INTO vehicle_catalog_alt_models (id, model_id, name) VALUES (193, 82, '2.0 TDI');
INSERT INTO vehicle_catalog_alt_models (id, model_id, name) VALUES (194, 82, '2.0 TDI Quattro');
INSERT INTO vehicle_catalog_alt_models (id, model_id, name) VALUES (195, 82, '2.0 TFSI');
INSERT INTO vehicle_catalog_alt_models (id, model_id, name) VALUES (196, 82, '2.0 TFSI Quattro');
INSERT INTO vehicle_catalog_alt_models (id, model_id, name) VALUES (197, 82, '2.7 TDI');
INSERT INTO vehicle_catalog_alt_models (id, model_id, name) VALUES (198, 82, '3.0 TDI Quattro');
INSERT INTO vehicle_catalog_alt_models (id, model_id, name) VALUES (199, 82, '3.2 FSI');
INSERT INTO vehicle_catalog_alt_models (id, model_id, name) VALUES (200, 83, '2.0 TDI Quattro');
INSERT INTO vehicle_catalog_alt_models (id, model_id, name) VALUES (201, 83, '2.0 TFSI');
INSERT INTO vehicle_catalog_alt_models (id, model_id, name) VALUES (202, 83, '2.0 TFSI Quattro');
INSERT INTO vehicle_catalog_alt_models (id, model_id, name) VALUES (203, 84, '40 TDI');
INSERT INTO vehicle_catalog_alt_models (id, model_id, name) VALUES (204, 84, '45 TFSI');
INSERT INTO vehicle_catalog_alt_models (id, model_id, name) VALUES (205, 84, '1.4 TFSI Design');
INSERT INTO vehicle_catalog_alt_models (id, model_id, name) VALUES (206, 84, '1.4 TFSI Dynamic');
INSERT INTO vehicle_catalog_alt_models (id, model_id, name) VALUES (207, 84, '1.4 TFSI Sport');
INSERT INTO vehicle_catalog_alt_models (id, model_id, name) VALUES (208, 84, '1.8 TFSI');
INSERT INTO vehicle_catalog_alt_models (id, model_id, name) VALUES (209, 84, '2.0 TDI');
INSERT INTO vehicle_catalog_alt_models (id, model_id, name) VALUES (210, 84, '2.0 TDI Quattro');
INSERT INTO vehicle_catalog_alt_models (id, model_id, name) VALUES (211, 84, '2.0 TDI Quattro Design');
INSERT INTO vehicle_catalog_alt_models (id, model_id, name) VALUES (212, 84, '2.0 TDI Quattro Dynamic');
INSERT INTO vehicle_catalog_alt_models (id, model_id, name) VALUES (213, 84, '2.0 TDI Quattro Sport');
INSERT INTO vehicle_catalog_alt_models (id, model_id, name) VALUES (214, 84, '2.0 TFSI');
INSERT INTO vehicle_catalog_alt_models (id, model_id, name) VALUES (215, 84, '2.0 TFSI Quattro');
INSERT INTO vehicle_catalog_alt_models (id, model_id, name) VALUES (216, 84, '3.0 TDI Quattro');
INSERT INTO vehicle_catalog_alt_models (id, model_id, name) VALUES (217, 85, 'Quattro');
INSERT INTO vehicle_catalog_alt_models (id, model_id, name) VALUES (218, 85, 'Quattro Long');
INSERT INTO vehicle_catalog_alt_models (id, model_id, name) VALUES (219, 86, 'Quattro Long');
INSERT INTO vehicle_catalog_alt_models (id, model_id, name) VALUES (220, 87, 'Quattro Long');
INSERT INTO vehicle_catalog_alt_models (id, model_id, name) VALUES (221, 91, 'Quattro');
INSERT INTO vehicle_catalog_alt_models (id, model_id, name) VALUES (222, 91, 'Quattro Long');
INSERT INTO vehicle_catalog_alt_models (id, model_id, name) VALUES (223, 95, 'FSI Quattro');
INSERT INTO vehicle_catalog_alt_models (id, model_id, name) VALUES (224, 95, 'Quattro');
INSERT INTO vehicle_catalog_alt_models (id, model_id, name) VALUES (225, 95, 'Quattro Long');
INSERT INTO vehicle_catalog_alt_models (id, model_id, name) VALUES (226, 96, 'Quattro');
INSERT INTO vehicle_catalog_alt_models (id, model_id, name) VALUES (227, 96, 'Quattro Long');
INSERT INTO vehicle_catalog_alt_models (id, model_id, name) VALUES (228, 100, 'Quattro');
INSERT INTO vehicle_catalog_alt_models (id, model_id, name) VALUES (229, 100, 'Quattro R-tronic');
INSERT INTO vehicle_catalog_alt_models (id, model_id, name) VALUES (230, 101, 'Quattro R-tronic');
INSERT INTO vehicle_catalog_alt_models (id, model_id, name) VALUES (231, 106, '1.8 T Quattro');
INSERT INTO vehicle_catalog_alt_models (id, model_id, name) VALUES (232, 106, '2.0 TFSI Quattro');
INSERT INTO vehicle_catalog_alt_models (id, model_id, name) VALUES (233, 107, '3.0 TFSI Quattro');
INSERT INTO vehicle_catalog_alt_models (id, model_id, name) VALUES (234, 108, '3.0 TFSI Quattro');
INSERT INTO vehicle_catalog_alt_models (id, model_id, name) VALUES (235, 108, '4.2 FSI Quattro');
INSERT INTO vehicle_catalog_alt_models (id, model_id, name) VALUES (236, 109, '3.0 TDI Quattro');
INSERT INTO vehicle_catalog_alt_models (id, model_id, name) VALUES (237, 110, 'Quattro');
INSERT INTO vehicle_catalog_alt_models (id, model_id, name) VALUES (238, 160, 'Acteco Forza');
INSERT INTO vehicle_catalog_alt_models (id, model_id, name) VALUES (239, 160, 'Acteco Lusso');
INSERT INTO vehicle_catalog_alt_models (id, model_id, name) VALUES (240, 160, 'Acteco Norma');
INSERT INTO vehicle_catalog_alt_models (id, model_id, name) VALUES (241, 163, 'Forza');
INSERT INTO vehicle_catalog_alt_models (id, model_id, name) VALUES (242, 163, 'Lusso');
INSERT INTO vehicle_catalog_alt_models (id, model_id, name) VALUES (243, 167, 'LS');
INSERT INTO vehicle_catalog_alt_models (id, model_id, name) VALUES (244, 167, 'S');
INSERT INTO vehicle_catalog_alt_models (id, model_id, name) VALUES (245, 167, 'SE');
INSERT INTO vehicle_catalog_alt_models (id, model_id, name) VALUES (246, 167, 'SX');
INSERT INTO vehicle_catalog_alt_models (id, model_id, name) VALUES (247, 168, 'LS');
INSERT INTO vehicle_catalog_alt_models (id, model_id, name) VALUES (248, 168, 'LT');
INSERT INTO vehicle_catalog_alt_models (id, model_id, name) VALUES (249, 168, 'LTZ');
INSERT INTO vehicle_catalog_alt_models (id, model_id, name) VALUES (250, 169, 'LS');
INSERT INTO vehicle_catalog_alt_models (id, model_id, name) VALUES (251, 169, 'LT');
INSERT INTO vehicle_catalog_alt_models (id, model_id, name) VALUES (252, 169, 'LTZ');
INSERT INTO vehicle_catalog_alt_models (id, model_id, name) VALUES (253, 169, 'S');
INSERT INTO vehicle_catalog_alt_models (id, model_id, name) VALUES (254, 169, 'SE');
INSERT INTO vehicle_catalog_alt_models (id, model_id, name) VALUES (255, 169, 'SX');
INSERT INTO vehicle_catalog_alt_models (id, model_id, name) VALUES (256, 184, 'LT');
INSERT INTO vehicle_catalog_alt_models (id, model_id, name) VALUES (257, 184, 'LTZ');
INSERT INTO vehicle_catalog_alt_models (id, model_id, name) VALUES (258, 184, 'Sport');
INSERT INTO vehicle_catalog_alt_models (id, model_id, name) VALUES (259, 184, 'Sport Plus');
INSERT INTO vehicle_catalog_alt_models (id, model_id, name) VALUES (260, 185, '1.6');
INSERT INTO vehicle_catalog_alt_models (id, model_id, name) VALUES (261, 185, 'Design Edition');
INSERT INTO vehicle_catalog_alt_models (id, model_id, name) VALUES (262, 185, 'Design Edition Plus');
INSERT INTO vehicle_catalog_alt_models (id, model_id, name) VALUES (263, 185, 'LS');
INSERT INTO vehicle_catalog_alt_models (id, model_id, name) VALUES (264, 185, 'LS Plus');
INSERT INTO vehicle_catalog_alt_models (id, model_id, name) VALUES (265, 185, 'LT');
INSERT INTO vehicle_catalog_alt_models (id, model_id, name) VALUES (266, 185, 'LT Plus');
INSERT INTO vehicle_catalog_alt_models (id, model_id, name) VALUES (267, 185, 'Sport');
INSERT INTO vehicle_catalog_alt_models (id, model_id, name) VALUES (268, 185, 'Sport Plus');
INSERT INTO vehicle_catalog_alt_models (id, model_id, name) VALUES (269, 185, 'WTCC Edition');
INSERT INTO vehicle_catalog_alt_models (id, model_id, name) VALUES (270, 185, 'wtcc Edition Plus');
INSERT INTO vehicle_catalog_alt_models (id, model_id, name) VALUES (271, 186, 'LT');
INSERT INTO vehicle_catalog_alt_models (id, model_id, name) VALUES (272, 186, 'LTZ');
INSERT INTO vehicle_catalog_alt_models (id, model_id, name) VALUES (273, 193, 'S');
INSERT INTO vehicle_catalog_alt_models (id, model_id, name) VALUES (274, 194, 'SE');
INSERT INTO vehicle_catalog_alt_models (id, model_id, name) VALUES (275, 195, 'CDX');
INSERT INTO vehicle_catalog_alt_models (id, model_id, name) VALUES (276, 195, 'SX');
INSERT INTO vehicle_catalog_alt_models (id, model_id, name) VALUES (277, 195, 'WTCC');
INSERT INTO vehicle_catalog_alt_models (id, model_id, name) VALUES (278, 196, 'CDX');
INSERT INTO vehicle_catalog_alt_models (id, model_id, name) VALUES (279, 196, 'SE');
INSERT INTO vehicle_catalog_alt_models (id, model_id, name) VALUES (280, 196, 'SX');
INSERT INTO vehicle_catalog_alt_models (id, model_id, name) VALUES (281, 196, 'WTCC');
INSERT INTO vehicle_catalog_alt_models (id, model_id, name) VALUES (282, 198, 'S');
INSERT INTO vehicle_catalog_alt_models (id, model_id, name) VALUES (283, 198, 'SE');
INSERT INTO vehicle_catalog_alt_models (id, model_id, name) VALUES (284, 199, 'LS');
INSERT INTO vehicle_catalog_alt_models (id, model_id, name) VALUES (285, 199, 'SE');
INSERT INTO vehicle_catalog_alt_models (id, model_id, name) VALUES (286, 199, 'SX');
INSERT INTO vehicle_catalog_alt_models (id, model_id, name) VALUES (287, 200, 'LS');
INSERT INTO vehicle_catalog_alt_models (id, model_id, name) VALUES (288, 200, 'LT');
INSERT INTO vehicle_catalog_alt_models (id, model_id, name) VALUES (289, 200, 'LTZ');
SELECT setval('vehicle_catalog_alt_models_id_seq', 290);

-- Insert trims
INSERT INTO vehicle_catalog_trims (id, alt_model_id, model_id, name, body_type, fuel_type, transmission, engine_power, engine_displacement) VALUES (1, NULL, 1, NULL, 'Cabrio', 'Elektrikli', 'Otomatik', '151-175', NULL);
INSERT INTO vehicle_catalog_trims (id, alt_model_id, model_id, name, body_type, fuel_type, transmission, engine_power, engine_displacement) VALUES (2, NULL, 2, NULL, 'Sedan', 'Elektrikli', 'Otomatik', '120-150', NULL);
INSERT INTO vehicle_catalog_trims (id, alt_model_id, model_id, name, body_type, fuel_type, transmission, engine_power, engine_displacement) VALUES (3, NULL, 3, NULL, 'Sedan', 'Elektrikli', 'Otomatik', '126-150', NULL);
INSERT INTO vehicle_catalog_trims (id, alt_model_id, model_id, name, body_type, fuel_type, transmission, engine_power, engine_displacement) VALUES (4, 1, NULL, 'Competizione', 'Sedan', 'Benzinli', 'Otomatik', '280', 1995);
INSERT INTO vehicle_catalog_trims (id, alt_model_id, model_id, name, body_type, fuel_type, transmission, engine_power, engine_displacement) VALUES (5, 2, NULL, 'Veloce', 'Sedan', 'Benzinli', 'Otomatik', '280', 1995);
INSERT INTO vehicle_catalog_trims (id, alt_model_id, model_id, name, body_type, fuel_type, transmission, engine_power, engine_displacement) VALUES (6, 3, NULL, 'Sprint', 'Sedan', 'Benzinli', 'Otomatik', '200', 1995);
INSERT INTO vehicle_catalog_trims (id, alt_model_id, model_id, name, body_type, fuel_type, transmission, engine_power, engine_displacement) VALUES (7, 4, NULL, 'Veloce', 'Sedan', 'Benzinli', 'Otomatik', '280', 1995);
INSERT INTO vehicle_catalog_trims (id, alt_model_id, model_id, name, body_type, fuel_type, transmission, engine_power, engine_displacement) VALUES (8, NULL, 6, NULL, 'Sedan', 'Benzinli', 'Otomatik', '520', 2891);
INSERT INTO vehicle_catalog_trims (id, alt_model_id, model_id, name, body_type, fuel_type, transmission, engine_power, engine_displacement) VALUES (9, 5, NULL, 'Distinctive', 'Hatchback', 'Benzinli', 'Manuel', '120', 1368);
INSERT INTO vehicle_catalog_trims (id, alt_model_id, model_id, name, body_type, fuel_type, transmission, engine_power, engine_displacement) VALUES (10, 6, NULL, 'MultiAir Distinctive', 'Hatchback', 'Benzinli', 'Otomatik', '170', 1368);
INSERT INTO vehicle_catalog_trims (id, alt_model_id, model_id, name, body_type, fuel_type, transmission, engine_power, engine_displacement) VALUES (11, 7, NULL, 'MultiAir Progression Pluse', 'Hatchback', 'Benzinli', 'Otomatik', '170', 1368);
INSERT INTO vehicle_catalog_trims (id, alt_model_id, model_id, name, body_type, fuel_type, transmission, engine_power, engine_displacement) VALUES (12, 8, NULL, 'MultiAir Super TCT', 'Hatchback', 'Benzinli', 'Otomatik', '170', 1368);
INSERT INTO vehicle_catalog_trims (id, alt_model_id, model_id, name, body_type, fuel_type, transmission, engine_power, engine_displacement) VALUES (13, 9, NULL, 'Progression Plus', 'Hatchback', 'Benzinli', 'Manuel', '120', 1368);
INSERT INTO vehicle_catalog_trims (id, alt_model_id, model_id, name, body_type, fuel_type, transmission, engine_power, engine_displacement) VALUES (14, 10, NULL, 'Distinctive', 'Hatchback', 'Dizel', 'Manuel', '105', 1598);
INSERT INTO vehicle_catalog_trims (id, alt_model_id, model_id, name, body_type, fuel_type, transmission, engine_power, engine_displacement) VALUES (15, 11, NULL, 'Giulietta', 'Hatchback', 'Dizel', 'Otomatik', '120', 1598);
INSERT INTO vehicle_catalog_trims (id, alt_model_id, model_id, name, body_type, fuel_type, transmission, engine_power, engine_displacement) VALUES (16, 12, NULL, 'Progression', 'Hatchback', 'Dizel', 'Otomatik', '120', 1598);
INSERT INTO vehicle_catalog_trims (id, alt_model_id, model_id, name, body_type, fuel_type, transmission, engine_power, engine_displacement) VALUES (17, 13, NULL, 'Progression Plus', 'Hatchback', 'Dizel', 'Manuel', '105', 1598);
INSERT INTO vehicle_catalog_trims (id, alt_model_id, model_id, name, body_type, fuel_type, transmission, engine_power, engine_displacement) VALUES (18, 14, NULL, 'Sprint', 'Hatchback', 'Dizel', 'Otomatik', '120', 1598);
INSERT INTO vehicle_catalog_trims (id, alt_model_id, model_id, name, body_type, fuel_type, transmission, engine_power, engine_displacement) VALUES (19, 15, NULL, 'Super TCT', 'Hatchback', 'Dizel', 'Otomatik', '120', 1598);
INSERT INTO vehicle_catalog_trims (id, alt_model_id, model_id, name, body_type, fuel_type, transmission, engine_power, engine_displacement) VALUES (20, 16, NULL, 'TI', 'Hatchback', 'Dizel', 'Otomatik', '120', 1598);
INSERT INTO vehicle_catalog_trims (id, alt_model_id, model_id, name, body_type, fuel_type, transmission, engine_power, engine_displacement) VALUES (21, 17, NULL, 'Quadrifoglio Verde', 'Hatchback', 'Benzinli', 'Manuel', '235', 1742);
INSERT INTO vehicle_catalog_trims (id, alt_model_id, model_id, name, body_type, fuel_type, transmission, engine_power, engine_displacement) VALUES (22, 18, NULL, 'TS STD', 'Hatchback', 'Benzin & LPG', 'Manuel', '103', 1370);
INSERT INTO vehicle_catalog_trims (id, alt_model_id, model_id, name, body_type, fuel_type, transmission, engine_power, engine_displacement) VALUES (23, 19, NULL, '1.6', 'Hatchback', 'Benzin & LPG', 'Manuel', '103', 1596);
INSERT INTO vehicle_catalog_trims (id, alt_model_id, model_id, name, body_type, fuel_type, transmission, engine_power, engine_displacement) VALUES (24, 20, NULL, 'L', 'Hatchback', 'Benzin & LPG', 'Manuel', '103', 1596);
INSERT INTO vehicle_catalog_trims (id, alt_model_id, model_id, name, body_type, fuel_type, transmission, engine_power, engine_displacement) VALUES (25, 21, NULL, 'TS Sportivo', 'Hatchback', 'Benzin & LPG', 'Manuel', '120', 1598);
INSERT INTO vehicle_catalog_trims (id, alt_model_id, model_id, name, body_type, fuel_type, transmission, engine_power, engine_displacement) VALUES (26, NULL, 12, NULL, 'Hatchback', 'Benzin & LPG', 'Manuel', '129', 1712);
INSERT INTO vehicle_catalog_trims (id, alt_model_id, model_id, name, body_type, fuel_type, transmission, engine_power, engine_displacement) VALUES (27, 22, NULL, 'Quadrifoglio', 'Hatchback', 'Benzinli', 'Manuel', '155', 1970);
INSERT INTO vehicle_catalog_trims (id, alt_model_id, model_id, name, body_type, fuel_type, transmission, engine_power, engine_displacement) VALUES (28, 23, NULL, 'TS QV', 'Hatchback', 'Benzin & LPG', 'Manuel', '150', 1970);
INSERT INTO vehicle_catalog_trims (id, alt_model_id, model_id, name, body_type, fuel_type, transmission, engine_power, engine_displacement) VALUES (29, 24, NULL, 'TS', 'Hatchback', 'Benzin & LPG', 'Manuel', '103', 1370);
INSERT INTO vehicle_catalog_trims (id, alt_model_id, model_id, name, body_type, fuel_type, transmission, engine_power, engine_displacement) VALUES (30, 25, NULL, 'TS Ritmo', 'Hatchback', 'Benzin & LPG', 'Manuel', '103', 1370);
INSERT INTO vehicle_catalog_trims (id, alt_model_id, model_id, name, body_type, fuel_type, transmission, engine_power, engine_displacement) VALUES (31, 26, NULL, 'L', 'Hatchback', 'Benzin & LPG', 'Manuel', '101-125', 1601);
INSERT INTO vehicle_catalog_trims (id, alt_model_id, model_id, name, body_type, fuel_type, transmission, engine_power, engine_displacement) VALUES (32, 27, NULL, 'TS', 'Hatchback', 'Benzin & LPG', 'Manuel', '101-125', 1601);
INSERT INTO vehicle_catalog_trims (id, alt_model_id, model_id, name, body_type, fuel_type, transmission, engine_power, engine_displacement) VALUES (33, 28, NULL, 'L', 'Hatchback', 'Benzin & LPG', 'Manuel', '150', 1900);
INSERT INTO vehicle_catalog_trims (id, alt_model_id, model_id, name, body_type, fuel_type, transmission, engine_power, engine_displacement) VALUES (34, 29, NULL, 'Black Line', 'Hatchback', 'Benzinli', 'Manuel', '105', 1598);
INSERT INTO vehicle_catalog_trims (id, alt_model_id, model_id, name, body_type, fuel_type, transmission, engine_power, engine_displacement) VALUES (35, 30, NULL, 'Collezione', 'Hatchback', 'Benzin & LPG', 'Manuel', '105', 1598);
INSERT INTO vehicle_catalog_trims (id, alt_model_id, model_id, name, body_type, fuel_type, transmission, engine_power, engine_displacement) VALUES (36, 31, NULL, 'Distinctive', 'Hatchback', 'Benzin & LPG', 'Manuel', '120', 1598);
INSERT INTO vehicle_catalog_trims (id, alt_model_id, model_id, name, body_type, fuel_type, transmission, engine_power, engine_displacement) VALUES (37, 32, NULL, 'Progression', 'Hatchback', 'Benzin & LPG', 'Manuel', '120', 1598);
INSERT INTO vehicle_catalog_trims (id, alt_model_id, model_id, name, body_type, fuel_type, transmission, engine_power, engine_displacement) VALUES (38, 33, NULL, 'JTD Q2', 'Hatchback', 'Dizel', 'Manuel', '150', 1910);
INSERT INTO vehicle_catalog_trims (id, alt_model_id, model_id, name, body_type, fuel_type, transmission, engine_power, engine_displacement) VALUES (39, 34, NULL, 'Distinctive', 'Hatchback', 'Benzinli', 'Manuel', '150', 1970);
INSERT INTO vehicle_catalog_trims (id, alt_model_id, model_id, name, body_type, fuel_type, transmission, engine_power, engine_displacement) VALUES (40, 35, NULL, 'Selespeed Distinctive', 'Hatchback', 'Benzin & LPG', 'Otomatik', '150', 1970);
INSERT INTO vehicle_catalog_trims (id, alt_model_id, model_id, name, body_type, fuel_type, transmission, engine_power, engine_displacement) VALUES (41, 36, NULL, 'TS Sportivo', 'Sedan', 'Benzin & LPG', 'Manuel', '150', 1970);
INSERT INTO vehicle_catalog_trims (id, alt_model_id, model_id, name, body_type, fuel_type, transmission, engine_power, engine_displacement) VALUES (42, 37, NULL, 'TS Super Losso', 'Sedan', 'Benzin & LPG', 'Manuel', '150', 1970);
INSERT INTO vehicle_catalog_trims (id, alt_model_id, model_id, name, body_type, fuel_type, transmission, engine_power, engine_displacement) VALUES (43, 38, NULL, '1.6 TS', 'Sedan', 'Benzin & LPG', 'Manuel', '120', 1598);
INSERT INTO vehicle_catalog_trims (id, alt_model_id, model_id, name, body_type, fuel_type, transmission, engine_power, engine_displacement) VALUES (44, 39, NULL, 'Distinctive', 'Sedan', 'Benzin & LPG', 'Manuel', '120', 1598);
INSERT INTO vehicle_catalog_trims (id, alt_model_id, model_id, name, body_type, fuel_type, transmission, engine_power, engine_displacement) VALUES (45, 40, NULL, 'Progression', 'Sedan', 'Benzin & LPG', 'Manuel', '120', 1598);
INSERT INTO vehicle_catalog_trims (id, alt_model_id, model_id, name, body_type, fuel_type, transmission, engine_power, engine_displacement) VALUES (46, 41, NULL, 'Impression', 'Sedan', 'Dizel', 'Manuel', '101-125', 1801);
INSERT INTO vehicle_catalog_trims (id, alt_model_id, model_id, name, body_type, fuel_type, transmission, engine_power, engine_displacement) VALUES (47, 42, NULL, 'Sportwagon', 'Station Wagon', 'Dizel', 'Manuel', '126-150', 1801);
INSERT INTO vehicle_catalog_trims (id, alt_model_id, model_id, name, body_type, fuel_type, transmission, engine_power, engine_displacement) VALUES (48, 43, NULL, 'Distinctive', 'Sedan', 'Benzin & LPG', 'Otomatik', '165', 1970);
INSERT INTO vehicle_catalog_trims (id, alt_model_id, model_id, name, body_type, fuel_type, transmission, engine_power, engine_displacement) VALUES (49, 44, NULL, 'Distinctive', 'Sedan', 'Benzin & LPG', 'Otomatik', '155', 1970);
INSERT INTO vehicle_catalog_trims (id, alt_model_id, model_id, name, body_type, fuel_type, transmission, engine_power, engine_displacement) VALUES (50, 45, NULL, 'Executive', 'Sedan', 'Benzinli', 'Manuel', '150', 1970);
INSERT INTO vehicle_catalog_trims (id, alt_model_id, model_id, name, body_type, fuel_type, transmission, engine_power, engine_displacement) VALUES (51, 46, NULL, 'Selespeed', 'Sedan', 'Benzinli', 'Otomatik', '155', 1970);
INSERT INTO vehicle_catalog_trims (id, alt_model_id, model_id, name, body_type, fuel_type, transmission, engine_power, engine_displacement) VALUES (52, 47, NULL, '46144', 'Sedan', 'Benzinli', 'Manuel', '190', 2492);
INSERT INTO vehicle_catalog_trims (id, alt_model_id, model_id, name, body_type, fuel_type, transmission, engine_power, engine_displacement) VALUES (53, 48, NULL, 'Distinctive', 'Sedan', 'Dizel', 'Manuel', '150', 1910);
INSERT INTO vehicle_catalog_trims (id, alt_model_id, model_id, name, body_type, fuel_type, transmission, engine_power, engine_displacement) VALUES (54, 49, NULL, 'Distinctive Plus', 'Sedan', 'Dizel', 'Manuel', '150', 1910);
INSERT INTO vehicle_catalog_trims (id, alt_model_id, model_id, name, body_type, fuel_type, transmission, engine_power, engine_displacement) VALUES (55, 50, NULL, 'Progression', 'Sedan', 'Dizel', 'Otomatik', '150', 1910);
INSERT INTO vehicle_catalog_trims (id, alt_model_id, model_id, name, body_type, fuel_type, transmission, engine_power, engine_displacement) VALUES (56, 51, NULL, 'Distinctive', 'Sedan', 'Benzinli', 'Manuel', '160', 1859);
INSERT INTO vehicle_catalog_trims (id, alt_model_id, model_id, name, body_type, fuel_type, transmission, engine_power, engine_displacement) VALUES (57, 52, NULL, 'Q4 Distinctive', 'Sedan', 'Benzinli', 'Manuel', '260', 3195);
INSERT INTO vehicle_catalog_trims (id, alt_model_id, model_id, name, body_type, fuel_type, transmission, engine_power, engine_displacement) VALUES (58, 53, NULL, 'TB', 'Sedan', 'Benzin & LPG', 'Manuel', '205', 1996);
INSERT INTO vehicle_catalog_trims (id, alt_model_id, model_id, name, body_type, fuel_type, transmission, engine_power, engine_displacement) VALUES (59, 54, NULL, 'Giardinetta', 'Hatchback', 'Benzinli', 'Manuel', '94', 1490);
INSERT INTO vehicle_catalog_trims (id, alt_model_id, model_id, name, body_type, fuel_type, transmission, engine_power, engine_displacement) VALUES (60, 55, NULL, 'IE', 'Hatchback', 'Benzinli', 'Manuel', '132', 1712);
INSERT INTO vehicle_catalog_trims (id, alt_model_id, model_id, name, body_type, fuel_type, transmission, engine_power, engine_displacement) VALUES (61, NULL, 32, NULL, 'Sedan', 'Benzili', 'Manuel', '151-175', 1601);
INSERT INTO vehicle_catalog_trims (id, alt_model_id, model_id, name, body_type, fuel_type, transmission, engine_power, engine_displacement) VALUES (62, 56, NULL, 'JTS', 'Coupe', 'Benzinli', 'Manuel', '185', 2198);
INSERT INTO vehicle_catalog_trims (id, alt_model_id, model_id, name, body_type, fuel_type, transmission, engine_power, engine_displacement) VALUES (63, 57, NULL, 'Q2', 'Coupe', 'Dizel', 'Manuel', '150', 1910);
INSERT INTO vehicle_catalog_trims (id, alt_model_id, model_id, name, body_type, fuel_type, transmission, engine_power, engine_displacement) VALUES (64, 58, NULL, 'Dis. Selespeed', 'Coupe', 'Benzinli', 'Otomatik', '165', 1970);
INSERT INTO vehicle_catalog_trims (id, alt_model_id, model_id, name, body_type, fuel_type, transmission, engine_power, engine_displacement) VALUES (65, 59, NULL, 'TB', 'Coupe', 'Benzinli', 'Manuel', '200', 1996);
INSERT INTO vehicle_catalog_trims (id, alt_model_id, model_id, name, body_type, fuel_type, transmission, engine_power, engine_displacement) VALUES (66, 60, NULL, 'City', 'Hatchback', 'Dizel', 'Manuel', '85', 1248);
INSERT INTO vehicle_catalog_trims (id, alt_model_id, model_id, name, body_type, fuel_type, transmission, engine_power, engine_displacement) VALUES (67, 61, NULL, 'Distinctive', 'Hatchback', 'Benzinli', 'Manuel', '155', 1300);
INSERT INTO vehicle_catalog_trims (id, alt_model_id, model_id, name, body_type, fuel_type, transmission, engine_power, engine_displacement) VALUES (68, 62, NULL, 'Multi Quadrifoglio Verde', 'Hatchback', 'Benzinli', 'Manuel', '170', 1368);
INSERT INTO vehicle_catalog_trims (id, alt_model_id, model_id, name, body_type, fuel_type, transmission, engine_power, engine_displacement) VALUES (69, 63, NULL, 'MultiAir TCT', 'Hatchback', 'Benzinli', 'Otomatik', '135', 1368);
INSERT INTO vehicle_catalog_trims (id, alt_model_id, model_id, name, body_type, fuel_type, transmission, engine_power, engine_displacement) VALUES (70, 64, NULL, 'MultiAir TCT Sportivo', 'Hatchback', 'Benzinli', 'Otomatik', '126-150', 1201);
INSERT INTO vehicle_catalog_trims (id, alt_model_id, model_id, name, body_type, fuel_type, transmission, engine_power, engine_displacement) VALUES (71, 65, NULL, 'Prograssion', 'Hatchback', 'Benzinli', 'Manuel', '155', 1368);
INSERT INTO vehicle_catalog_trims (id, alt_model_id, model_id, name, body_type, fuel_type, transmission, engine_power, engine_displacement) VALUES (72, 66, NULL, 'Distinctive', 'Hatchback', 'Dizel', 'Manuel', '120', 1598);
INSERT INTO vehicle_catalog_trims (id, alt_model_id, model_id, name, body_type, fuel_type, transmission, engine_power, engine_displacement) VALUES (73, 67, NULL, 'Prograssion', 'Hatchback', 'Dizel', 'Manuel', '120', 1598);
INSERT INTO vehicle_catalog_trims (id, alt_model_id, model_id, name, body_type, fuel_type, transmission, engine_power, engine_displacement) VALUES (74, NULL, 40, NULL, 'Hatchback', 'Elektrikli', 'Otomatik', '176-200', NULL);
INSERT INTO vehicle_catalog_trims (id, alt_model_id, model_id, name, body_type, fuel_type, transmission, engine_power, engine_displacement) VALUES (75, NULL, 41, NULL, 'Hatchback', 'Elektrikli', 'Otomatik', '201-225', 1300);
INSERT INTO vehicle_catalog_trims (id, alt_model_id, model_id, name, body_type, fuel_type, transmission, engine_power, engine_displacement) VALUES (76, NULL, 42, NULL, 'Sedan', 'Benzin & LPG', 'Manuel', '76-100', 1301);
INSERT INTO vehicle_catalog_trims (id, alt_model_id, model_id, name, body_type, fuel_type, transmission, engine_power, engine_displacement) VALUES (77, NULL, 43, NULL, 'Sedan', 'Benzin & LPG', 'Manuel', '51-75', 1300);
INSERT INTO vehicle_catalog_trims (id, alt_model_id, model_id, name, body_type, fuel_type, transmission, engine_power, engine_displacement) VALUES (78, NULL, 44, NULL, 'Sedan', 'Benzin & LPG', 'Manuel', '76-100', 1300);
INSERT INTO vehicle_catalog_trims (id, alt_model_id, model_id, name, body_type, fuel_type, transmission, engine_power, engine_displacement) VALUES (79, NULL, 45, NULL, 'Hatchback', 'Benzin & LPG', 'Manuel', '51-75', 1301);
INSERT INTO vehicle_catalog_trims (id, alt_model_id, model_id, name, body_type, fuel_type, transmission, engine_power, engine_displacement) VALUES (80, NULL, 46, NULL, 'Coupe', 'Benzinli', 'Otomatik', '608', 5200);
INSERT INTO vehicle_catalog_trims (id, alt_model_id, model_id, name, body_type, fuel_type, transmission, engine_power, engine_displacement) VALUES (81, NULL, 47, NULL, 'Coupe', 'Benzinli', 'Otomatik', '601', 3500);
INSERT INTO vehicle_catalog_trims (id, alt_model_id, model_id, name, body_type, fuel_type, transmission, engine_power, engine_displacement) VALUES (82, NULL, 48, NULL, 'Cabrio', 'Benzinli', 'Otomatik', '601', 3500);
INSERT INTO vehicle_catalog_trims (id, alt_model_id, model_id, name, body_type, fuel_type, transmission, engine_power, engine_displacement) VALUES (83, NULL, 49, NULL, 'Coupe', 'Benzinli', 'Otomatik', '401-425', 5501);
INSERT INTO vehicle_catalog_trims (id, alt_model_id, model_id, name, body_type, fuel_type, transmission, engine_power, engine_displacement) VALUES (84, NULL, 50, NULL, 'Cabrio', 'Benzinli', 'Otomatik', '401-425', 5501);
INSERT INTO vehicle_catalog_trims (id, alt_model_id, model_id, name, body_type, fuel_type, transmission, engine_power, engine_displacement) VALUES (85, NULL, 51, NULL, 'Coupe', 'Benzinli', 'Otomatik', '401-475', 5501);
INSERT INTO vehicle_catalog_trims (id, alt_model_id, model_id, name, body_type, fuel_type, transmission, engine_power, engine_displacement) VALUES (86, NULL, 52, NULL, 'Cabrio', 'Benzinli', 'Otomatik', '476-500', 5501);
INSERT INTO vehicle_catalog_trims (id, alt_model_id, model_id, name, body_type, fuel_type, transmission, engine_power, engine_displacement) VALUES (87, NULL, 53, NULL, 'Coupe', 'Benzinli', 'Otomatik', '547', 5935);
INSERT INTO vehicle_catalog_trims (id, alt_model_id, model_id, name, body_type, fuel_type, transmission, engine_power, engine_displacement) VALUES (88, NULL, 54, NULL, 'Coupe', 'Benzinli', 'Otomatik', '517', 5935);
INSERT INTO vehicle_catalog_trims (id, alt_model_id, model_id, name, body_type, fuel_type, transmission, engine_power, engine_displacement) VALUES (89, NULL, 55, NULL, 'Sedan', 'Benzinli', 'Otomatik', '476', 5935);
INSERT INTO vehicle_catalog_trims (id, alt_model_id, model_id, name, body_type, fuel_type, transmission, engine_power, engine_displacement) VALUES (90, NULL, 56, NULL, 'Sedan', 'Benzinli', 'Otomatik', '551-575', 5501);
INSERT INTO vehicle_catalog_trims (id, alt_model_id, model_id, name, body_type, fuel_type, transmission, engine_power, engine_displacement) VALUES (91, NULL, 57, NULL, 'Coupe', 'Benzinli', 'Otomatik', '601', 6001);
INSERT INTO vehicle_catalog_trims (id, alt_model_id, model_id, name, body_type, fuel_type, transmission, engine_power, engine_displacement) VALUES (92, NULL, 58, NULL, 'Coupe', 'Benzinli', 'Otomatik', '426', 4735);
INSERT INTO vehicle_catalog_trims (id, alt_model_id, model_id, name, body_type, fuel_type, transmission, engine_power, engine_displacement) VALUES (93, NULL, 59, NULL, 'Coupe', 'Benzinli', 'Otomatik', '526-550', 3501);
INSERT INTO vehicle_catalog_trims (id, alt_model_id, model_id, name, body_type, fuel_type, transmission, engine_power, engine_displacement) VALUES (94, NULL, 60, NULL, 'Coupe', 'Benzinli', 'Otomatik', '501-525', 4501);
INSERT INTO vehicle_catalog_trims (id, alt_model_id, model_id, name, body_type, fuel_type, transmission, engine_power, engine_displacement) VALUES (95, NULL, 61, NULL, 'Cabrio', 'Benzinli', 'Otomatik', '385', 4300);
INSERT INTO vehicle_catalog_trims (id, alt_model_id, model_id, name, body_type, fuel_type, transmission, engine_power, engine_displacement) VALUES (96, NULL, 62, NULL, 'Coupe', 'Benzinli', 'Otomatik', '430', 4735);
INSERT INTO vehicle_catalog_trims (id, alt_model_id, model_id, name, body_type, fuel_type, transmission, engine_power, engine_displacement) VALUES (97, 68, NULL, 'Ambition', 'Hatchback', 'Benzinli', 'Otomatik', '122', 1390);
INSERT INTO vehicle_catalog_trims (id, alt_model_id, model_id, name, body_type, fuel_type, transmission, engine_power, engine_displacement) VALUES (98, 69, NULL, 'Attraction', 'Hatchback', 'Benzinli', 'Otomatik', '122', 1390);
INSERT INTO vehicle_catalog_trims (id, alt_model_id, model_id, name, body_type, fuel_type, transmission, engine_power, engine_displacement) VALUES (99, 70, NULL, 'Ambition', 'Hatchback', 'Dizel', 'Otomatik', '90', 1598);
INSERT INTO vehicle_catalog_trims (id, alt_model_id, model_id, name, body_type, fuel_type, transmission, engine_power, engine_displacement) VALUES (100, 71, NULL, 'Attraction', 'Hatchback', 'Dizel', 'Otomatik', '90', 1598);
INSERT INTO vehicle_catalog_trims (id, alt_model_id, model_id, name, body_type, fuel_type, transmission, engine_power, engine_displacement) VALUES (101, 72, NULL, 'S Line', 'Hatchback', 'Dizel', 'Otomatik', '76-100', 1301);
INSERT INTO vehicle_catalog_trims (id, alt_model_id, model_id, name, body_type, fuel_type, transmission, engine_power, engine_displacement) VALUES (102, 73, NULL, 'Sport', 'Hatchback', 'Dizel', 'Otomatik', '116', 1598);
INSERT INTO vehicle_catalog_trims (id, alt_model_id, model_id, name, body_type, fuel_type, transmission, engine_power, engine_displacement) VALUES (103, NULL, 65, NULL, 'Hatchback', 'Benzinli', 'Manuel', '75', 1390);
INSERT INTO vehicle_catalog_trims (id, alt_model_id, model_id, name, body_type, fuel_type, transmission, engine_power, engine_displacement) VALUES (104, 74, NULL, '35 TFSI', 'Cabrio', 'Benzinli', 'Otomatik', '150', 1498);
INSERT INTO vehicle_catalog_trims (id, alt_model_id, model_id, name, body_type, fuel_type, transmission, engine_power, engine_displacement) VALUES (105, 74, NULL, '35 TFSI', 'Cabrio', 'Benzinli', 'Otomatik', '150', 1498);
INSERT INTO vehicle_catalog_trims (id, alt_model_id, model_id, name, body_type, fuel_type, transmission, engine_power, engine_displacement) VALUES (106, 75, NULL, '1.2 TFSI', 'Cabrio', 'Benzinli', 'Manuel', '105', 1197);
INSERT INTO vehicle_catalog_trims (id, alt_model_id, model_id, name, body_type, fuel_type, transmission, engine_power, engine_displacement) VALUES (107, 76, NULL, '1.4 TFSI', 'Cabrio', 'Benzinli', 'Otomatik', '150', 1395);
INSERT INTO vehicle_catalog_trims (id, alt_model_id, model_id, name, body_type, fuel_type, transmission, engine_power, engine_displacement) VALUES (108, 77, NULL, '1.4 TFSI', 'Cabrio', 'Benzinli', 'Otomatik', '150', 1395);
INSERT INTO vehicle_catalog_trims (id, alt_model_id, model_id, name, body_type, fuel_type, transmission, engine_power, engine_displacement) VALUES (109, 78, NULL, '1.4 TFSI', 'Cabrio', 'Benzinli', 'Otomatik', '140', 1395);
INSERT INTO vehicle_catalog_trims (id, alt_model_id, model_id, name, body_type, fuel_type, transmission, engine_power, engine_displacement) VALUES (110, 79, NULL, '1.4 TFSI', 'Cabrio', 'Benzinli', 'Otomatik', '150', 1395);
INSERT INTO vehicle_catalog_trims (id, alt_model_id, model_id, name, body_type, fuel_type, transmission, engine_power, engine_displacement) VALUES (111, 80, NULL, '1.5 TFSI', 'Cabrio', 'Benzinli', 'Otomatik', '150', 1498);
INSERT INTO vehicle_catalog_trims (id, alt_model_id, model_id, name, body_type, fuel_type, transmission, engine_power, engine_displacement) VALUES (112, 80, NULL, '1.5 TFSI', 'Cabrio', 'Benzinli', 'Otomatik', '150', 1498);
INSERT INTO vehicle_catalog_trims (id, alt_model_id, model_id, name, body_type, fuel_type, transmission, engine_power, engine_displacement) VALUES (113, 81, NULL, '1.6', 'Cabrio', 'Benzinli', 'Manuel', '102', 1595);
INSERT INTO vehicle_catalog_trims (id, alt_model_id, model_id, name, body_type, fuel_type, transmission, engine_power, engine_displacement) VALUES (114, 82, NULL, '1.8 TFSI', 'Cabrio', 'Benzinli', 'Otomatik', '160', 1798);
INSERT INTO vehicle_catalog_trims (id, alt_model_id, model_id, name, body_type, fuel_type, transmission, engine_power, engine_displacement) VALUES (115, 83, NULL, '2.0 TDI', 'Cabrio', 'Dizel', 'Otomatik', '140', 1968);
INSERT INTO vehicle_catalog_trims (id, alt_model_id, model_id, name, body_type, fuel_type, transmission, engine_power, engine_displacement) VALUES (116, 84, NULL, '1.4 TFSI', 'Hatchback', 'Benzinli', 'Otomatik', '125', 1390);
INSERT INTO vehicle_catalog_trims (id, alt_model_id, model_id, name, body_type, fuel_type, transmission, engine_power, engine_displacement) VALUES (117, 84, NULL, '1.4 TFSI', 'Hatchback', 'Benzinli', 'Otomatik', '125', 1390);
INSERT INTO vehicle_catalog_trims (id, alt_model_id, model_id, name, body_type, fuel_type, transmission, engine_power, engine_displacement) VALUES (118, 84, NULL, '1.4 TFSI', 'Hatchback', 'Benzinli', 'Otomatik', '125', 1390);
INSERT INTO vehicle_catalog_trims (id, alt_model_id, model_id, name, body_type, fuel_type, transmission, engine_power, engine_displacement) VALUES (119, 84, NULL, '1.4 TFSI', 'Hatchback', 'Benzinli', 'Manuel', '125', 1390);
INSERT INTO vehicle_catalog_trims (id, alt_model_id, model_id, name, body_type, fuel_type, transmission, engine_power, engine_displacement) VALUES (120, 84, NULL, '1.4 TFSI', 'Hatchback', 'Benzinli', 'Otomatik', '126-150', 1301);
INSERT INTO vehicle_catalog_trims (id, alt_model_id, model_id, name, body_type, fuel_type, transmission, engine_power, engine_displacement) VALUES (121, 85, NULL, '1.6', 'Hatchback', 'Benzin & LPG', 'Manuel', '102', 1595);
INSERT INTO vehicle_catalog_trims (id, alt_model_id, model_id, name, body_type, fuel_type, transmission, engine_power, engine_displacement) VALUES (122, 85, NULL, '1.6', 'Hatchback', 'Benzinli', 'Otomatik', '101', 1595);
INSERT INTO vehicle_catalog_trims (id, alt_model_id, model_id, name, body_type, fuel_type, transmission, engine_power, engine_displacement) VALUES (123, 85, NULL, '1.6', 'Hatchback', 'Benzinli', 'Otomatik', '102', 1595);
INSERT INTO vehicle_catalog_trims (id, alt_model_id, model_id, name, body_type, fuel_type, transmission, engine_power, engine_displacement) VALUES (124, 85, NULL, '1.6', 'Hatchback', 'Benzin & LPG', 'Manuel', '102', 1595);
INSERT INTO vehicle_catalog_trims (id, alt_model_id, model_id, name, body_type, fuel_type, transmission, engine_power, engine_displacement) VALUES (125, 86, NULL, '1.6 FSI', 'Hatchback', 'Benzinli', 'Manuel', '115', 1595);
INSERT INTO vehicle_catalog_trims (id, alt_model_id, model_id, name, body_type, fuel_type, transmission, engine_power, engine_displacement) VALUES (126, 87, NULL, '1.6 TDI', 'Hatchback', 'Dizel', 'Otomatik', '105', 1598);
INSERT INTO vehicle_catalog_trims (id, alt_model_id, model_id, name, body_type, fuel_type, transmission, engine_power, engine_displacement) VALUES (127, 87, NULL, '1.6 TDI', 'Hatchback', 'Dizel', 'Otomatik', '101-125', 1301);
INSERT INTO vehicle_catalog_trims (id, alt_model_id, model_id, name, body_type, fuel_type, transmission, engine_power, engine_displacement) VALUES (128, 87, NULL, '1.6 TDI', 'Hatchback', 'Dizel', 'Otomatik', '105', 1598);
INSERT INTO vehicle_catalog_trims (id, alt_model_id, model_id, name, body_type, fuel_type, transmission, engine_power, engine_displacement) VALUES (129, 88, NULL, '1.8', 'Hatchback', 'Benzin & LPG', 'Manuel', '125', 1781);
INSERT INTO vehicle_catalog_trims (id, alt_model_id, model_id, name, body_type, fuel_type, transmission, engine_power, engine_displacement) VALUES (130, 89, NULL, '1.8', 'Hatchback', 'Benzin & LPG', 'Otomatik', '101-125', 1601);
INSERT INTO vehicle_catalog_trims (id, alt_model_id, model_id, name, body_type, fuel_type, transmission, engine_power, engine_displacement) VALUES (131, 90, NULL, '1.8', 'Hatchback', 'Benzin & LPG', 'Otomatik', '126-150', 1301);
INSERT INTO vehicle_catalog_trims (id, alt_model_id, model_id, name, body_type, fuel_type, transmission, engine_power, engine_displacement) VALUES (132, 91, NULL, '1.9 TDI', 'Hatchback', 'Benzin & LPG', 'Manuel', '105', 1896);
INSERT INTO vehicle_catalog_trims (id, alt_model_id, model_id, name, body_type, fuel_type, transmission, engine_power, engine_displacement) VALUES (133, 91, NULL, '1.9 TDI', 'Hatchback', 'Dizel', 'Manuel', '176-200', 1801);
INSERT INTO vehicle_catalog_trims (id, alt_model_id, model_id, name, body_type, fuel_type, transmission, engine_power, engine_displacement) VALUES (134, 92, NULL, '2.0 FSI', 'Hatchback', 'Benzinli', 'Otomatik', NULL, NULL);
INSERT INTO vehicle_catalog_trims (id, alt_model_id, model_id, name, body_type, fuel_type, transmission, engine_power, engine_displacement) VALUES (135, 93, NULL, '2.0 TDI', 'Hatchback', 'Dizel', 'Manuel', '140', 1968);
INSERT INTO vehicle_catalog_trims (id, alt_model_id, model_id, name, body_type, fuel_type, transmission, engine_power, engine_displacement) VALUES (136, 94, NULL, '30 TDI', 'Sedan', 'Dizel', 'Otomatik', '116', 1598);
INSERT INTO vehicle_catalog_trims (id, alt_model_id, model_id, name, body_type, fuel_type, transmission, engine_power, engine_displacement) VALUES (137, 94, NULL, '30 TDI', 'Sedan', 'Dizel', 'Otomatik', '116', 1598);
INSERT INTO vehicle_catalog_trims (id, alt_model_id, model_id, name, body_type, fuel_type, transmission, engine_power, engine_displacement) VALUES (138, 94, NULL, '30 TDI', 'Sedan', 'Dizel', 'Otomatik', '116', 1598);
INSERT INTO vehicle_catalog_trims (id, alt_model_id, model_id, name, body_type, fuel_type, transmission, engine_power, engine_displacement) VALUES (139, 95, NULL, '30 TFSI', 'Sedan', 'Hibrit', 'Otomatik', '110', 999);
INSERT INTO vehicle_catalog_trims (id, alt_model_id, model_id, name, body_type, fuel_type, transmission, engine_power, engine_displacement) VALUES (140, 95, NULL, '30 TFSI', 'Sedan', 'Benzinli', 'Otomatik', '116', 999);
INSERT INTO vehicle_catalog_trims (id, alt_model_id, model_id, name, body_type, fuel_type, transmission, engine_power, engine_displacement) VALUES (141, 95, NULL, '30 TFSI', 'Sedan', 'Hibrit', 'Otomatik', '110', 999);
INSERT INTO vehicle_catalog_trims (id, alt_model_id, model_id, name, body_type, fuel_type, transmission, engine_power, engine_displacement) VALUES (142, 96, NULL, '35 TFSI', 'Sedan', 'Benzinli', 'Otomatik', '126-150', 1601);
INSERT INTO vehicle_catalog_trims (id, alt_model_id, model_id, name, body_type, fuel_type, transmission, engine_power, engine_displacement) VALUES (143, 96, NULL, '35 TFSI', 'Sedan', 'Benzinli', 'Otomatik', '150', 1498);
INSERT INTO vehicle_catalog_trims (id, alt_model_id, model_id, name, body_type, fuel_type, transmission, engine_power, engine_displacement) VALUES (144, 96, NULL, '35 TFSI', 'Sedan', 'Benzinli', 'Otomatik', '150', 1498);
INSERT INTO vehicle_catalog_trims (id, alt_model_id, model_id, name, body_type, fuel_type, transmission, engine_power, engine_displacement) VALUES (145, 96, NULL, '35 TFSI', 'Sedan', 'Benzinli', 'Otomatik', '150', 1498);
INSERT INTO vehicle_catalog_trims (id, alt_model_id, model_id, name, body_type, fuel_type, transmission, engine_power, engine_displacement) VALUES (146, 96, NULL, '35 TFSI', 'Sedan', 'Hibrit', 'Otomatik', '126-150', 1301);
INSERT INTO vehicle_catalog_trims (id, alt_model_id, model_id, name, body_type, fuel_type, transmission, engine_power, engine_displacement) VALUES (147, 96, NULL, '35 TFSI', 'Sedan', 'Benzinli', 'Otomatik', '126-150', 1301);
INSERT INTO vehicle_catalog_trims (id, alt_model_id, model_id, name, body_type, fuel_type, transmission, engine_power, engine_displacement) VALUES (148, 97, NULL, '1.0 TFSI', 'Sedan', 'Benzinli', 'Otomatik', '101-125', 1300);
INSERT INTO vehicle_catalog_trims (id, alt_model_id, model_id, name, body_type, fuel_type, transmission, engine_power, engine_displacement) VALUES (149, 97, NULL, '1.0 TFSI', 'Sedan', 'Benzinli', 'Otomatik', '116', 999);
INSERT INTO vehicle_catalog_trims (id, alt_model_id, model_id, name, body_type, fuel_type, transmission, engine_power, engine_displacement) VALUES (150, 97, NULL, '1.0 TFSI', 'Sedan', 'Benzinli', 'Otomatik', '116', 999);
INSERT INTO vehicle_catalog_trims (id, alt_model_id, model_id, name, body_type, fuel_type, transmission, engine_power, engine_displacement) VALUES (151, 97, NULL, '1.0 TFSI', 'Sedan', 'Benzinli', 'Otomatik', '116', 999);
INSERT INTO vehicle_catalog_trims (id, alt_model_id, model_id, name, body_type, fuel_type, transmission, engine_power, engine_displacement) VALUES (152, 98, NULL, '1.2 TFSI', 'Sedan', 'Benzinli', 'Manuel', '110', 1197);
INSERT INTO vehicle_catalog_trims (id, alt_model_id, model_id, name, body_type, fuel_type, transmission, engine_power, engine_displacement) VALUES (153, 98, NULL, '1.2 TFSI', 'Sedan', 'Benzinli', 'Manuel', '110', 1197);
INSERT INTO vehicle_catalog_trims (id, alt_model_id, model_id, name, body_type, fuel_type, transmission, engine_power, engine_displacement) VALUES (154, 98, NULL, '1.2 TFSI', 'Sedan', 'Benzinli', 'Manuel', '110', 1197);
INSERT INTO vehicle_catalog_trims (id, alt_model_id, model_id, name, body_type, fuel_type, transmission, engine_power, engine_displacement) VALUES (155, 99, NULL, '1.4 TFSI', 'Sedan', 'Benzinli', 'Otomatik', '140', 1395);
INSERT INTO vehicle_catalog_trims (id, alt_model_id, model_id, name, body_type, fuel_type, transmission, engine_power, engine_displacement) VALUES (156, 99, NULL, '1.4 TFSI', 'Sedan', 'Benzinli', 'Otomatik', '140', 1395);
INSERT INTO vehicle_catalog_trims (id, alt_model_id, model_id, name, body_type, fuel_type, transmission, engine_power, engine_displacement) VALUES (157, 99, NULL, '1.4 TFSI', 'Sedan', 'Benzinli', 'Otomatik', '140', 1395);
INSERT INTO vehicle_catalog_trims (id, alt_model_id, model_id, name, body_type, fuel_type, transmission, engine_power, engine_displacement) VALUES (158, 100, NULL, '1.5 TFSI', 'Sedan', 'Benzinli', 'Otomatik', '150', 1498);
INSERT INTO vehicle_catalog_trims (id, alt_model_id, model_id, name, body_type, fuel_type, transmission, engine_power, engine_displacement) VALUES (159, 100, NULL, '1.5 TFSI', 'Sedan', 'Benzinli', 'Otomatik', '150', 1498);
INSERT INTO vehicle_catalog_trims (id, alt_model_id, model_id, name, body_type, fuel_type, transmission, engine_power, engine_displacement) VALUES (160, 100, NULL, '1.5 TFSI', 'Sedan', 'Benzinli', 'Otomatik', '150', 1498);
INSERT INTO vehicle_catalog_trims (id, alt_model_id, model_id, name, body_type, fuel_type, transmission, engine_power, engine_displacement) VALUES (161, 101, NULL, '1.6 TDI', 'Sedan', 'Dizel', 'Otomatik', '101-125', 1301);
INSERT INTO vehicle_catalog_trims (id, alt_model_id, model_id, name, body_type, fuel_type, transmission, engine_power, engine_displacement) VALUES (162, 101, NULL, '1.6 TDI', 'Sedan', 'Dizel', 'Otomatik', '110', 1598);
INSERT INTO vehicle_catalog_trims (id, alt_model_id, model_id, name, body_type, fuel_type, transmission, engine_power, engine_displacement) VALUES (163, 101, NULL, '1.6 TDI', 'Sedan', 'Dizel', 'Otomatik', '110', 1598);
INSERT INTO vehicle_catalog_trims (id, alt_model_id, model_id, name, body_type, fuel_type, transmission, engine_power, engine_displacement) VALUES (164, 101, NULL, '1.6 TDI', 'Sedan', 'Dizel', 'Otomatik', '110', 1598);
INSERT INTO vehicle_catalog_trims (id, alt_model_id, model_id, name, body_type, fuel_type, transmission, engine_power, engine_displacement) VALUES (165, 101, NULL, '1.6 TDI', 'Sedan', 'Dizel', 'Otomatik', '110', 1598);
INSERT INTO vehicle_catalog_trims (id, alt_model_id, model_id, name, body_type, fuel_type, transmission, engine_power, engine_displacement) VALUES (166, 101, NULL, '1.6 TDI', 'Sedan', 'Dizel', 'Otomatik', '116', 1598);
INSERT INTO vehicle_catalog_trims (id, alt_model_id, model_id, name, body_type, fuel_type, transmission, engine_power, engine_displacement) VALUES (167, 101, NULL, '1.6 TDI', 'Sedan', 'Dizel', 'Otomatik', '101-125', 1301);
INSERT INTO vehicle_catalog_trims (id, alt_model_id, model_id, name, body_type, fuel_type, transmission, engine_power, engine_displacement) VALUES (168, 101, NULL, '1.6 TDI', 'Sedan', 'Dizel', 'Otomatik', '101-125', 1301);
INSERT INTO vehicle_catalog_trims (id, alt_model_id, model_id, name, body_type, fuel_type, transmission, engine_power, engine_displacement) VALUES (169, 102, NULL, '30 TDI', 'Hatchback', 'Dizel', 'Otomatik', '116', 1598);
INSERT INTO vehicle_catalog_trims (id, alt_model_id, model_id, name, body_type, fuel_type, transmission, engine_power, engine_displacement) VALUES (170, 102, NULL, '30 TDI', 'Hatchback', 'Dizel', 'Otomatik', '116', 1598);
INSERT INTO vehicle_catalog_trims (id, alt_model_id, model_id, name, body_type, fuel_type, transmission, engine_power, engine_displacement) VALUES (171, 102, NULL, '30 TDI', 'Hatchback', 'Dizel', 'Otomatik', '116', 1598);
INSERT INTO vehicle_catalog_trims (id, alt_model_id, model_id, name, body_type, fuel_type, transmission, engine_power, engine_displacement) VALUES (172, 103, NULL, '30 TFSI', 'Hatchback', 'Benzinli', 'Otomatik', '110', 999);
INSERT INTO vehicle_catalog_trims (id, alt_model_id, model_id, name, body_type, fuel_type, transmission, engine_power, engine_displacement) VALUES (173, 103, NULL, '30 TFSI', 'Hatchback', 'Benzinli', 'Otomatik', '116', 999);
INSERT INTO vehicle_catalog_trims (id, alt_model_id, model_id, name, body_type, fuel_type, transmission, engine_power, engine_displacement) VALUES (174, 103, NULL, '30 TFSI', 'Hatchback', 'Benzinli', 'Otomatik', '110', 999);
INSERT INTO vehicle_catalog_trims (id, alt_model_id, model_id, name, body_type, fuel_type, transmission, engine_power, engine_displacement) VALUES (175, 104, NULL, '35 TFSI', 'Hatchback', 'Benzinli', 'Otomatik', '150', 1498);
INSERT INTO vehicle_catalog_trims (id, alt_model_id, model_id, name, body_type, fuel_type, transmission, engine_power, engine_displacement) VALUES (176, 105, NULL, '35 TFSI', 'Hatchback', 'Benzinli', 'Otomatik', '150', 1498);
INSERT INTO vehicle_catalog_trims (id, alt_model_id, model_id, name, body_type, fuel_type, transmission, engine_power, engine_displacement) VALUES (177, 104, NULL, '35 TFSI', 'Hatchback', 'Benzinli', 'Otomatik', '150', 1498);
INSERT INTO vehicle_catalog_trims (id, alt_model_id, model_id, name, body_type, fuel_type, transmission, engine_power, engine_displacement) VALUES (178, 104, NULL, '35 TFSI', 'Hatchback', 'Benzinli', 'Otomatik', '150', 1498);
INSERT INTO vehicle_catalog_trims (id, alt_model_id, model_id, name, body_type, fuel_type, transmission, engine_power, engine_displacement) VALUES (179, 104, NULL, '35 TFSI', 'Hatchback', 'Benzinli', 'Otomatik', '150', 1498);
INSERT INTO vehicle_catalog_trims (id, alt_model_id, model_id, name, body_type, fuel_type, transmission, engine_power, engine_displacement) VALUES (180, 104, NULL, '35 TFSI', 'Hatchback', 'Benzinli', 'Otomatik', '150', 1498);
INSERT INTO vehicle_catalog_trims (id, alt_model_id, model_id, name, body_type, fuel_type, transmission, engine_power, engine_displacement) VALUES (181, 106, NULL, '1.0 TFSI', 'Hatchback', 'Benzinli', 'Otomatik', '116', 999);
INSERT INTO vehicle_catalog_trims (id, alt_model_id, model_id, name, body_type, fuel_type, transmission, engine_power, engine_displacement) VALUES (182, 106, NULL, '1.0 TFSI', 'Hatchback', 'Benzinli', 'Otomatik', '116', 999);
INSERT INTO vehicle_catalog_trims (id, alt_model_id, model_id, name, body_type, fuel_type, transmission, engine_power, engine_displacement) VALUES (183, 106, NULL, '1.0 TFSI', 'Hatchback', 'Benzinli', 'Otomatik', '116', 999);
INSERT INTO vehicle_catalog_trims (id, alt_model_id, model_id, name, body_type, fuel_type, transmission, engine_power, engine_displacement) VALUES (184, 107, NULL, '1.2 TFSI', 'Hatchback', 'Benzinli', 'Manuel', '110', 1197);
INSERT INTO vehicle_catalog_trims (id, alt_model_id, model_id, name, body_type, fuel_type, transmission, engine_power, engine_displacement) VALUES (185, 107, NULL, '1.2 TFSI', 'Hatchback', 'Benzinli', 'Manuel', '110', 1197);
INSERT INTO vehicle_catalog_trims (id, alt_model_id, model_id, name, body_type, fuel_type, transmission, engine_power, engine_displacement) VALUES (186, 108, NULL, '1.4 TFSI', 'Hatchback', 'Benzinli', 'Manuel', '125', 1390);
INSERT INTO vehicle_catalog_trims (id, alt_model_id, model_id, name, body_type, fuel_type, transmission, engine_power, engine_displacement) VALUES (187, 108, NULL, '1.4 TFSI', 'Hatchback', 'Benzinli', 'Otomatik', '125', 1395);
INSERT INTO vehicle_catalog_trims (id, alt_model_id, model_id, name, body_type, fuel_type, transmission, engine_power, engine_displacement) VALUES (188, 108, NULL, '1.4 TFSI', 'Hatchback', 'Benzinli', 'Otomatik', '125', 1390);
INSERT INTO vehicle_catalog_trims (id, alt_model_id, model_id, name, body_type, fuel_type, transmission, engine_power, engine_displacement) VALUES (189, 108, NULL, '1.4 TFSI', 'Hatchback', 'Benzinli', 'Otomatik', '125', 1390);
INSERT INTO vehicle_catalog_trims (id, alt_model_id, model_id, name, body_type, fuel_type, transmission, engine_power, engine_displacement) VALUES (190, 108, NULL, '1.4 TFSI', 'Hatchback', 'Benzinli', 'Manuel', '101-125', 1601);
INSERT INTO vehicle_catalog_trims (id, alt_model_id, model_id, name, body_type, fuel_type, transmission, engine_power, engine_displacement) VALUES (191, 109, NULL, '1.5 TFSI', 'Hatchback', 'Benzinli', 'Otomatik', '150', 1498);
INSERT INTO vehicle_catalog_trims (id, alt_model_id, model_id, name, body_type, fuel_type, transmission, engine_power, engine_displacement) VALUES (192, 109, NULL, '1.5 TFSI', 'Hatchback', 'Benzinli', 'Otomatik', '126-150', 1301);
INSERT INTO vehicle_catalog_trims (id, alt_model_id, model_id, name, body_type, fuel_type, transmission, engine_power, engine_displacement) VALUES (193, 110, NULL, '1.6', 'Hatchback', 'Benzinli', 'Otomatik', '102', 1595);
INSERT INTO vehicle_catalog_trims (id, alt_model_id, model_id, name, body_type, fuel_type, transmission, engine_power, engine_displacement) VALUES (194, 110, NULL, '1.6', 'Hatchback', 'Benzin & LPG', 'Otomatik', '102', 1595);
INSERT INTO vehicle_catalog_trims (id, alt_model_id, model_id, name, body_type, fuel_type, transmission, engine_power, engine_displacement) VALUES (195, 110, NULL, '1.6', 'Hatchback', 'Benzin & LPG', 'Otomatik', '102', 1595);
INSERT INTO vehicle_catalog_trims (id, alt_model_id, model_id, name, body_type, fuel_type, transmission, engine_power, engine_displacement) VALUES (196, 110, NULL, '1.6', 'Hatchback', 'Benzin & LPG', 'Otomatik', '102', 1595);
INSERT INTO vehicle_catalog_trims (id, alt_model_id, model_id, name, body_type, fuel_type, transmission, engine_power, engine_displacement) VALUES (197, 111, NULL, '1.6 FSI', 'Hatchback', 'Benzinli', 'Manuel', '76-100', 1301);
INSERT INTO vehicle_catalog_trims (id, alt_model_id, model_id, name, body_type, fuel_type, transmission, engine_power, engine_displacement) VALUES (198, 112, NULL, '1.6 TDI', 'Hatchback', 'Dizel', 'Otomatik', '110', 1598);
INSERT INTO vehicle_catalog_trims (id, alt_model_id, model_id, name, body_type, fuel_type, transmission, engine_power, engine_displacement) VALUES (199, 112, NULL, '1.6 TDI', 'Hatchback', 'Dizel', 'Otomatik', '105', 1598);
INSERT INTO vehicle_catalog_trims (id, alt_model_id, model_id, name, body_type, fuel_type, transmission, engine_power, engine_displacement) VALUES (200, 112, NULL, '1.6 TDI', 'Hatchback', 'Dizel', 'Otomatik', '110', 1598);
INSERT INTO vehicle_catalog_trims (id, alt_model_id, model_id, name, body_type, fuel_type, transmission, engine_power, engine_displacement) VALUES (201, 112, NULL, '1.6 TDI', 'Hatchback', 'Dizel', 'Otomatik', '110', 1598);
INSERT INTO vehicle_catalog_trims (id, alt_model_id, model_id, name, body_type, fuel_type, transmission, engine_power, engine_displacement) VALUES (202, 112, NULL, '1.6 TDI', 'Hatchback', 'Dizel', 'Otomatik', '116', 1598);
INSERT INTO vehicle_catalog_trims (id, alt_model_id, model_id, name, body_type, fuel_type, transmission, engine_power, engine_displacement) VALUES (203, 112, NULL, '1.6 TDI', 'Hatchback', 'Dizel', 'Otomatik', '116', 1598);
INSERT INTO vehicle_catalog_trims (id, alt_model_id, model_id, name, body_type, fuel_type, transmission, engine_power, engine_displacement) VALUES (204, 112, NULL, '1.6 TDI', 'Hatchback', 'Dizel', 'Otomatik', '116', 1598);
INSERT INTO vehicle_catalog_trims (id, alt_model_id, model_id, name, body_type, fuel_type, transmission, engine_power, engine_displacement) VALUES (205, 113, NULL, '1.8', 'Hatchback', 'Benzin & LPG', 'Manuel', '125', 1781);
INSERT INTO vehicle_catalog_trims (id, alt_model_id, model_id, name, body_type, fuel_type, transmission, engine_power, engine_displacement) VALUES (206, 114, NULL, '1.8 T', 'Hatchback', 'Benzin & LPG', 'Manuel', '150', 1781);
INSERT INTO vehicle_catalog_trims (id, alt_model_id, model_id, name, body_type, fuel_type, transmission, engine_power, engine_displacement) VALUES (207, 115, NULL, '1.8 TFSI', 'Hatchback', 'Benzinli', 'Otomatik', '160', 1798);
INSERT INTO vehicle_catalog_trims (id, alt_model_id, model_id, name, body_type, fuel_type, transmission, engine_power, engine_displacement) VALUES (208, 115, NULL, '1.8 TFSI', 'Hatchback', 'Benzinli', 'Otomatik', '160', 1798);
INSERT INTO vehicle_catalog_trims (id, alt_model_id, model_id, name, body_type, fuel_type, transmission, engine_power, engine_displacement) VALUES (209, 116, NULL, '1.9 TDI', 'Hatchback', 'Dizel', 'Manuel', '126-150', 1801);
INSERT INTO vehicle_catalog_trims (id, alt_model_id, model_id, name, body_type, fuel_type, transmission, engine_power, engine_displacement) VALUES (210, 116, NULL, '1.9 TDI', 'Hatchback', 'Dizel', 'Manuel', '101-125', 1801);
INSERT INTO vehicle_catalog_trims (id, alt_model_id, model_id, name, body_type, fuel_type, transmission, engine_power, engine_displacement) VALUES (211, 117, NULL, '2.0 FSI', 'Hatchback', 'Benzin & LPG', 'Otomatik', '150', 1984);
INSERT INTO vehicle_catalog_trims (id, alt_model_id, model_id, name, body_type, fuel_type, transmission, engine_power, engine_displacement) VALUES (212, 118, NULL, '2.0 TDI', 'Hatchback', 'Dizel', 'Manuel', '140', 1968);
INSERT INTO vehicle_catalog_trims (id, alt_model_id, model_id, name, body_type, fuel_type, transmission, engine_power, engine_displacement) VALUES (213, 118, NULL, '2.0 TDI', 'Hatchback', 'Dizel', 'Manuel', '140', 1968);
INSERT INTO vehicle_catalog_trims (id, alt_model_id, model_id, name, body_type, fuel_type, transmission, engine_power, engine_displacement) VALUES (214, 118, NULL, '2.0 TDI', 'Hatchback', 'Dizel', 'Manuel', '140', 1968);
INSERT INTO vehicle_catalog_trims (id, alt_model_id, model_id, name, body_type, fuel_type, transmission, engine_power, engine_displacement) VALUES (215, 119, NULL, '3.2', 'Hatchback', 'Benzinli', 'Manuel', '251-275', 3001);
INSERT INTO vehicle_catalog_trims (id, alt_model_id, model_id, name, body_type, fuel_type, transmission, engine_power, engine_displacement) VALUES (216, 120, NULL, '40 TDI', 'Station Wagon', 'Dizel', 'Otomatik', '204', 1968);
INSERT INTO vehicle_catalog_trims (id, alt_model_id, model_id, name, body_type, fuel_type, transmission, engine_power, engine_displacement) VALUES (217, 120, NULL, '40 TDI', 'Station Wagon', 'Dizel', 'Otomatik', '204', 1968);
INSERT INTO vehicle_catalog_trims (id, alt_model_id, model_id, name, body_type, fuel_type, transmission, engine_power, engine_displacement) VALUES (218, 121, NULL, '1.4 TFSI', 'Station Wagon', 'Benzinli', 'Otomatik', '150', 1395);
INSERT INTO vehicle_catalog_trims (id, alt_model_id, model_id, name, body_type, fuel_type, transmission, engine_power, engine_displacement) VALUES (219, 122, NULL, '1.6', 'Station Wagon', 'Benzin & LPG', 'Manuel', '102', 1595);
INSERT INTO vehicle_catalog_trims (id, alt_model_id, model_id, name, body_type, fuel_type, transmission, engine_power, engine_displacement) VALUES (220, 123, NULL, '1.8', 'Station Wagon', 'Benzinli', 'Manuel', '101-125', 1801);
INSERT INTO vehicle_catalog_trims (id, alt_model_id, model_id, name, body_type, fuel_type, transmission, engine_power, engine_displacement) VALUES (221, 124, NULL, '1.8 T', 'Station Wagon', 'Benzin & LPG', 'Manuel', '126-150', 1601);
INSERT INTO vehicle_catalog_trims (id, alt_model_id, model_id, name, body_type, fuel_type, transmission, engine_power, engine_displacement) VALUES (222, 125, NULL, '1.8 TFSI', 'Sedan', 'Benzinli', 'Manuel', '151-175', 1601);
INSERT INTO vehicle_catalog_trims (id, alt_model_id, model_id, name, body_type, fuel_type, transmission, engine_power, engine_displacement) VALUES (223, 126, NULL, '1.9 TDI', 'Station Wagon', 'Dizel', 'Manuel', '126-150', 1801);
INSERT INTO vehicle_catalog_trims (id, alt_model_id, model_id, name, body_type, fuel_type, transmission, engine_power, engine_displacement) VALUES (224, 127, NULL, '2.0', 'Station Wagon', 'Benzin & LPG', 'Manuel', '126-150', 1801);
INSERT INTO vehicle_catalog_trims (id, alt_model_id, model_id, name, body_type, fuel_type, transmission, engine_power, engine_displacement) VALUES (225, 128, NULL, '2.0 TDI', 'Station Wagon', 'Dizel', 'Otomatik', '150', 1968);
INSERT INTO vehicle_catalog_trims (id, alt_model_id, model_id, name, body_type, fuel_type, transmission, engine_power, engine_displacement) VALUES (226, 129, NULL, '2.0 TDI Design', 'Station Wagon', 'Dizel', 'Otomatik', '190', 1968);
INSERT INTO vehicle_catalog_trims (id, alt_model_id, model_id, name, body_type, fuel_type, transmission, engine_power, engine_displacement) VALUES (227, 130, NULL, '2.0 TDI Dynamic', 'Station Wagon', 'Dizel', 'Otomatik', '190', 1968);
INSERT INTO vehicle_catalog_trims (id, alt_model_id, model_id, name, body_type, fuel_type, transmission, engine_power, engine_displacement) VALUES (228, 131, NULL, '2.0 TDI Quatto Design', 'Station Wagon', 'Dizel', 'Otomatik', '190', 1968);
INSERT INTO vehicle_catalog_trims (id, alt_model_id, model_id, name, body_type, fuel_type, transmission, engine_power, engine_displacement) VALUES (229, 132, NULL, '2.0 TDI Sport', 'Station Wagon', 'Dizel', 'Otomatik', '190', 1968);
INSERT INTO vehicle_catalog_trims (id, alt_model_id, model_id, name, body_type, fuel_type, transmission, engine_power, engine_displacement) VALUES (230, 133, NULL, '2.0 TFSI Quttro', 'Station Wagon', 'Benzinli', 'Otomatik', '200', 1984);
INSERT INTO vehicle_catalog_trims (id, alt_model_id, model_id, name, body_type, fuel_type, transmission, engine_power, engine_displacement) VALUES (231, 134, NULL, '2.5 TDI', 'Station Wagon', 'Dizel', 'Manuel', '163', 2496);
INSERT INTO vehicle_catalog_trims (id, alt_model_id, model_id, name, body_type, fuel_type, transmission, engine_power, engine_displacement) VALUES (232, 135, NULL, '2.5 TDI Quatro', 'Station Wagon', 'Dizel', 'Otomatik', '150', 2496);
INSERT INTO vehicle_catalog_trims (id, alt_model_id, model_id, name, body_type, fuel_type, transmission, engine_power, engine_displacement) VALUES (233, 136, NULL, '2.7', 'Station Wagon', 'Dizel', 'Manuel', '176-200', 2500);
INSERT INTO vehicle_catalog_trims (id, alt_model_id, model_id, name, body_type, fuel_type, transmission, engine_power, engine_displacement) VALUES (234, 137, NULL, '3.0 Quatro', 'Station Wagon', 'Benzinli', 'Otomatik', '220', 2976);
INSERT INTO vehicle_catalog_trims (id, alt_model_id, model_id, name, body_type, fuel_type, transmission, engine_power, engine_displacement) VALUES (235, 138, NULL, '1.8 T', 'Cabrio', 'Benzinli', 'Otomatik', '163', 1781);
INSERT INTO vehicle_catalog_trims (id, alt_model_id, model_id, name, body_type, fuel_type, transmission, engine_power, engine_displacement) VALUES (236, 139, NULL, '2.0 TFSI', 'Cabrio', 'Benzinli', 'Otomatik', '200', 1984);
INSERT INTO vehicle_catalog_trims (id, alt_model_id, model_id, name, body_type, fuel_type, transmission, engine_power, engine_displacement) VALUES (237, 140, NULL, '2.5 TDI', 'Cabrio', 'Dizel', 'Otomatik', '151-175', 2001);
INSERT INTO vehicle_catalog_trims (id, alt_model_id, model_id, name, body_type, fuel_type, transmission, engine_power, engine_displacement) VALUES (238, 141, NULL, '3.0', 'Cabrio', 'Benzin & LPG', 'Otomatik', '220', 2976);
INSERT INTO vehicle_catalog_trims (id, alt_model_id, model_id, name, body_type, fuel_type, transmission, engine_power, engine_displacement) VALUES (239, 142, NULL, '3.0 Quatro', 'Cabrio', 'Benzinli', 'Otomatik', '151-175', 2500);
INSERT INTO vehicle_catalog_trims (id, alt_model_id, model_id, name, body_type, fuel_type, transmission, engine_power, engine_displacement) VALUES (240, 143, NULL, '40 TDI', 'Sedan', 'Dizel', 'Otomatik', '204', 1968);
INSERT INTO vehicle_catalog_trims (id, alt_model_id, model_id, name, body_type, fuel_type, transmission, engine_power, engine_displacement) VALUES (241, 143, NULL, '40 TDI', 'Sedan', 'Dizel', 'Otomatik', '204', 1968);
INSERT INTO vehicle_catalog_trims (id, alt_model_id, model_id, name, body_type, fuel_type, transmission, engine_power, engine_displacement) VALUES (242, 143, NULL, '40 TDI', 'Sedan', 'Dizel', 'Otomatik', '190', 1968);
INSERT INTO vehicle_catalog_trims (id, alt_model_id, model_id, name, body_type, fuel_type, transmission, engine_power, engine_displacement) VALUES (243, 143, NULL, '40 TDI', 'Sedan', 'Dizel', 'Otomatik', '190', 1968);
INSERT INTO vehicle_catalog_trims (id, alt_model_id, model_id, name, body_type, fuel_type, transmission, engine_power, engine_displacement) VALUES (244, 143, NULL, '40 TDI', 'Sedan', 'Dizel', 'Otomatik', '204', 1968);
INSERT INTO vehicle_catalog_trims (id, alt_model_id, model_id, name, body_type, fuel_type, transmission, engine_power, engine_displacement) VALUES (245, 143, NULL, '40 TDI', 'Sedan', 'Dizel', 'Otomatik', '176-200', 1801);
INSERT INTO vehicle_catalog_trims (id, alt_model_id, model_id, name, body_type, fuel_type, transmission, engine_power, engine_displacement) VALUES (246, 144, NULL, '45 TFSI', 'Sedan', 'Benzinli', 'Otomatik', '245', 1984);
INSERT INTO vehicle_catalog_trims (id, alt_model_id, model_id, name, body_type, fuel_type, transmission, engine_power, engine_displacement) VALUES (247, 144, NULL, '45 TFSI', 'Sedan', 'Benzinli', 'Otomatik', '245', 1984);
INSERT INTO vehicle_catalog_trims (id, alt_model_id, model_id, name, body_type, fuel_type, transmission, engine_power, engine_displacement) VALUES (248, 144, NULL, '45 TFSI', 'Sedan', 'Benzinli', 'Otomatik', '265', 1984);
INSERT INTO vehicle_catalog_trims (id, alt_model_id, model_id, name, body_type, fuel_type, transmission, engine_power, engine_displacement) VALUES (249, 145, NULL, '1.4 TFSI', 'Sedan', 'Benzinli', 'Otomatik', '150', 1395);
INSERT INTO vehicle_catalog_trims (id, alt_model_id, model_id, name, body_type, fuel_type, transmission, engine_power, engine_displacement) VALUES (250, 146, NULL, '1.4 TFSI Design', 'Sedan', 'Benzinli', 'Otomatik', '150', 1395);
INSERT INTO vehicle_catalog_trims (id, alt_model_id, model_id, name, body_type, fuel_type, transmission, engine_power, engine_displacement) VALUES (251, 147, NULL, '1.4 TFSI Dynamic', 'Sedan', 'Benzinli', 'Otomatik', '150', 1395);
INSERT INTO vehicle_catalog_trims (id, alt_model_id, model_id, name, body_type, fuel_type, transmission, engine_power, engine_displacement) VALUES (252, 148, NULL, '1.4 TFSI Sport', 'Sedan', 'Benzinli', 'Otomatik', '150', 1395);
INSERT INTO vehicle_catalog_trims (id, alt_model_id, model_id, name, body_type, fuel_type, transmission, engine_power, engine_displacement) VALUES (253, 149, NULL, '1.6', 'Sedan', 'Benzin & LPG', 'Manuel', '102', 1595);
INSERT INTO vehicle_catalog_trims (id, alt_model_id, model_id, name, body_type, fuel_type, transmission, engine_power, engine_displacement) VALUES (254, 150, NULL, '1.8', 'Sedan', 'Benzin & LPG', 'Manuel', '125', 1781);
INSERT INTO vehicle_catalog_trims (id, alt_model_id, model_id, name, body_type, fuel_type, transmission, engine_power, engine_displacement) VALUES (255, 151, NULL, '1.8 Quattro', 'Sedan', 'Benzin & LPG', 'Manuel', '151-175', 1601);
INSERT INTO vehicle_catalog_trims (id, alt_model_id, model_id, name, body_type, fuel_type, transmission, engine_power, engine_displacement) VALUES (256, 152, NULL, '1.8 T', 'Sedan', 'Benzin & LPG', 'Otomatik', '163', 1781);
INSERT INTO vehicle_catalog_trims (id, alt_model_id, model_id, name, body_type, fuel_type, transmission, engine_power, engine_displacement) VALUES (257, 153, NULL, '1.8 TFSI', 'Sedan', 'Benzinli', 'Otomatik', '120', 1789);
INSERT INTO vehicle_catalog_trims (id, alt_model_id, model_id, name, body_type, fuel_type, transmission, engine_power, engine_displacement) VALUES (258, 154, NULL, '1.8 T Quattro', 'Sedan', 'Benzin & LPG', 'Manuel', '150', 1781);
INSERT INTO vehicle_catalog_trims (id, alt_model_id, model_id, name, body_type, fuel_type, transmission, engine_power, engine_displacement) VALUES (259, 155, NULL, '1.9 TDI', 'Sedan', 'Dizel', 'Manuel', '130', 1896);
INSERT INTO vehicle_catalog_trims (id, alt_model_id, model_id, name, body_type, fuel_type, transmission, engine_power, engine_displacement) VALUES (260, 156, NULL, '1.9 TDI Quattro', 'Sedan', 'Dizel', 'Manuel', '115', 1896);
INSERT INTO vehicle_catalog_trims (id, alt_model_id, model_id, name, body_type, fuel_type, transmission, engine_power, engine_displacement) VALUES (261, 157, NULL, '2.0', 'Sedan', 'Benzinli', 'Otomatik', '130', 1984);
INSERT INTO vehicle_catalog_trims (id, alt_model_id, model_id, name, body_type, fuel_type, transmission, engine_power, engine_displacement) VALUES (262, 158, NULL, '2.0 TDI', 'Sedan', 'Dizel', 'Otomatik', '177', 1968);
INSERT INTO vehicle_catalog_trims (id, alt_model_id, model_id, name, body_type, fuel_type, transmission, engine_power, engine_displacement) VALUES (263, 159, NULL, '2.0 TDI Design', 'Sedan', 'Dizel', 'Otomatik', '190', 1968);
INSERT INTO vehicle_catalog_trims (id, alt_model_id, model_id, name, body_type, fuel_type, transmission, engine_power, engine_displacement) VALUES (264, 160, NULL, '2.0 TDI Dynamic', 'Sedan', 'Dizel', 'Otomatik', '190', 1968);
INSERT INTO vehicle_catalog_trims (id, alt_model_id, model_id, name, body_type, fuel_type, transmission, engine_power, engine_displacement) VALUES (265, 161, NULL, '2.0 TDI S Line', 'Sedan', 'Dizel', 'Otomatik', '176-200', 2001);
INSERT INTO vehicle_catalog_trims (id, alt_model_id, model_id, name, body_type, fuel_type, transmission, engine_power, engine_displacement) VALUES (266, 162, NULL, '2.0 TDI Sport', 'Sedan', 'Dizel', 'Otomatik', '190', 1968);
INSERT INTO vehicle_catalog_trims (id, alt_model_id, model_id, name, body_type, fuel_type, transmission, engine_power, engine_displacement) VALUES (267, 163, NULL, '2.0 TDI Quatto', 'Sedan', 'Dizel', 'Otomatik', '190', 1968);
INSERT INTO vehicle_catalog_trims (id, alt_model_id, model_id, name, body_type, fuel_type, transmission, engine_power, engine_displacement) VALUES (268, 164, NULL, '2.0 TDI Quatto Design', 'Sedan', 'Dizel', 'Otomatik', '190', 1968);
INSERT INTO vehicle_catalog_trims (id, alt_model_id, model_id, name, body_type, fuel_type, transmission, engine_power, engine_displacement) VALUES (269, 165, NULL, '2.0 TDI Quatro Dynamic', 'Sedan', 'Dizel', 'Otomatik', '190', 1968);
INSERT INTO vehicle_catalog_trims (id, alt_model_id, model_id, name, body_type, fuel_type, transmission, engine_power, engine_displacement) VALUES (270, 166, NULL, '2.0 TDI Quattro Sport', 'Sedan', 'Dizel', 'Otomatik', '190', 1968);
INSERT INTO vehicle_catalog_trims (id, alt_model_id, model_id, name, body_type, fuel_type, transmission, engine_power, engine_displacement) VALUES (271, 167, NULL, '2.0 TFSI', 'Sedan', 'Benzin & LPG', 'Otomatik', '200', 1984);
INSERT INTO vehicle_catalog_trims (id, alt_model_id, model_id, name, body_type, fuel_type, transmission, engine_power, engine_displacement) VALUES (272, 168, NULL, '2.0 TFSI Quatro', 'Sedan', 'Benzinli', 'Otomatik', '200', 1984);
INSERT INTO vehicle_catalog_trims (id, alt_model_id, model_id, name, body_type, fuel_type, transmission, engine_power, engine_displacement) VALUES (273, 169, NULL, '2.0 TFSI Quattro S Line', 'Sedan', 'Benzinli', 'Otomatik', '201-225', 1801);
INSERT INTO vehicle_catalog_trims (id, alt_model_id, model_id, name, body_type, fuel_type, transmission, engine_power, engine_displacement) VALUES (274, 170, NULL, '2.4', 'Sedan', 'Benzinli', 'Otomatik', '170', 2393);
INSERT INTO vehicle_catalog_trims (id, alt_model_id, model_id, name, body_type, fuel_type, transmission, engine_power, engine_displacement) VALUES (275, 171, NULL, '2.5 TDI', 'Sedan', 'Dizel', 'Manuel', '163', 2496);
INSERT INTO vehicle_catalog_trims (id, alt_model_id, model_id, name, body_type, fuel_type, transmission, engine_power, engine_displacement) VALUES (276, 172, NULL, '2.5 TDI Quattro', 'Sedan', 'Dizel', 'Otomatik', '180', 2496);
INSERT INTO vehicle_catalog_trims (id, alt_model_id, model_id, name, body_type, fuel_type, transmission, engine_power, engine_displacement) VALUES (277, 173, NULL, '2.6', 'Sedan', 'Benzin & LPG', 'Otomatik', '150', 2598);
INSERT INTO vehicle_catalog_trims (id, alt_model_id, model_id, name, body_type, fuel_type, transmission, engine_power, engine_displacement) VALUES (278, 174, NULL, '2.7 TDI', 'Sedan', 'Dizel', 'Otomatik', '190', 2698);
INSERT INTO vehicle_catalog_trims (id, alt_model_id, model_id, name, body_type, fuel_type, transmission, engine_power, engine_displacement) VALUES (279, 175, NULL, '2.8 Quattro', 'Sedan', 'Benzin & LPG', 'Manuel', '193', 2771);
INSERT INTO vehicle_catalog_trims (id, alt_model_id, model_id, name, body_type, fuel_type, transmission, engine_power, engine_displacement) VALUES (280, 176, NULL, '3.0 Quatro', 'Sedan', 'Benzin & LPG', 'Manuel', '220', 2996);
INSERT INTO vehicle_catalog_trims (id, alt_model_id, model_id, name, body_type, fuel_type, transmission, engine_power, engine_displacement) VALUES (281, 177, NULL, '3.0 TDI Quttaro', 'Sedan', 'Dizel', 'Otomatik', '226-250', 2501);
INSERT INTO vehicle_catalog_trims (id, alt_model_id, model_id, name, body_type, fuel_type, transmission, engine_power, engine_displacement) VALUES (282, 178, NULL, '40 TDI', 'Station Wagon', 'Dizel', 'Otomatik', '201-225', 1801);
INSERT INTO vehicle_catalog_trims (id, alt_model_id, model_id, name, body_type, fuel_type, transmission, engine_power, engine_displacement) VALUES (283, 179, NULL, '45 TFSI', 'Station Wagon', 'Hibrit', 'Otomatik', '265', 1984);
INSERT INTO vehicle_catalog_trims (id, alt_model_id, model_id, name, body_type, fuel_type, transmission, engine_power, engine_displacement) VALUES (284, 180, NULL, '2.0 TDI', 'Station Wagon', 'Dizel', 'Otomatik', '177', 1968);
INSERT INTO vehicle_catalog_trims (id, alt_model_id, model_id, name, body_type, fuel_type, transmission, engine_power, engine_displacement) VALUES (285, 181, NULL, '2.0 TFSI', 'Sedan', 'Benzinli', 'Otomatik', '251-275', 2001);
INSERT INTO vehicle_catalog_trims (id, alt_model_id, model_id, name, body_type, fuel_type, transmission, engine_power, engine_displacement) VALUES (286, 182, NULL, '2.0 TDI Quattro', 'Station Wagon', 'Dizel', 'Otomatik', '204', 1968);
INSERT INTO vehicle_catalog_trims (id, alt_model_id, model_id, name, body_type, fuel_type, transmission, engine_power, engine_displacement) VALUES (287, 183, NULL, '40 TDI', 'Cabrio', 'Dizel', 'Otomatik', '204', 1968);
INSERT INTO vehicle_catalog_trims (id, alt_model_id, model_id, name, body_type, fuel_type, transmission, engine_power, engine_displacement) VALUES (288, 184, NULL, '45 TFSI', 'Cabrio', 'Benzinli', 'Otomatik', '265', 1984);
INSERT INTO vehicle_catalog_trims (id, alt_model_id, model_id, name, body_type, fuel_type, transmission, engine_power, engine_displacement) VALUES (289, 185, NULL, '1.8 TFSI', 'Cabrio', 'Benzinli', 'Otomatik', '151-175', 1601);
INSERT INTO vehicle_catalog_trims (id, alt_model_id, model_id, name, body_type, fuel_type, transmission, engine_power, engine_displacement) VALUES (290, 186, NULL, '2.0 TFSI Quattro', 'Cabrio', 'Benzinli', 'Otomatik', '211', 1984);
INSERT INTO vehicle_catalog_trims (id, alt_model_id, model_id, name, body_type, fuel_type, transmission, engine_power, engine_displacement) VALUES (291, 187, NULL, '40 TDI', 'Coupe', 'Dizel', 'Otomatik', '190', 1968);
INSERT INTO vehicle_catalog_trims (id, alt_model_id, model_id, name, body_type, fuel_type, transmission, engine_power, engine_displacement) VALUES (292, 187, NULL, '40 TDI', 'Coupe', 'Dizel', 'Otomatik', '226-250', 1801);
INSERT INTO vehicle_catalog_trims (id, alt_model_id, model_id, name, body_type, fuel_type, transmission, engine_power, engine_displacement) VALUES (293, 188, NULL, '45 TFSI', 'Coupe', 'Benzinli', 'Otomatik', '265', 1984);
INSERT INTO vehicle_catalog_trims (id, alt_model_id, model_id, name, body_type, fuel_type, transmission, engine_power, engine_displacement) VALUES (294, 189, NULL, '1.4 TFSI Design', 'Coupe', 'Benzinli', 'Otomatik', '150', 1395);
INSERT INTO vehicle_catalog_trims (id, alt_model_id, model_id, name, body_type, fuel_type, transmission, engine_power, engine_displacement) VALUES (295, 190, NULL, '1.4 TFSI Sport', 'Coupe', 'Benzinli', 'Otomatik', '150', 1395);
INSERT INTO vehicle_catalog_trims (id, alt_model_id, model_id, name, body_type, fuel_type, transmission, engine_power, engine_displacement) VALUES (296, 191, NULL, '1.8 TFSI', 'Coupe', 'Benzinli', 'Otomatik', '170', 1798);
INSERT INTO vehicle_catalog_trims (id, alt_model_id, model_id, name, body_type, fuel_type, transmission, engine_power, engine_displacement) VALUES (297, 192, NULL, '1.8 TFSI S Line', 'Coupe', 'Benzinli', 'Manuel', '176-200', 1801);
INSERT INTO vehicle_catalog_trims (id, alt_model_id, model_id, name, body_type, fuel_type, transmission, engine_power, engine_displacement) VALUES (298, 193, NULL, '2.0 TDI', 'Coupe', 'Dizel', 'Otomatik', '177', 1968);
INSERT INTO vehicle_catalog_trims (id, alt_model_id, model_id, name, body_type, fuel_type, transmission, engine_power, engine_displacement) VALUES (299, 194, NULL, '2.0 TDI Quattro', 'Coupe', 'Dizel', 'Otomatik', '190', 1968);
INSERT INTO vehicle_catalog_trims (id, alt_model_id, model_id, name, body_type, fuel_type, transmission, engine_power, engine_displacement) VALUES (300, 195, NULL, '2.0 TFSI', 'Coupe', 'Benzinli', 'Otomatik', '211', 1984);
INSERT INTO vehicle_catalog_trims (id, alt_model_id, model_id, name, body_type, fuel_type, transmission, engine_power, engine_displacement) VALUES (301, 196, NULL, '2.0 TFSI Quattro', 'Coupe', 'Benzinli', 'Otomatik', '211', 1984);
INSERT INTO vehicle_catalog_trims (id, alt_model_id, model_id, name, body_type, fuel_type, transmission, engine_power, engine_displacement) VALUES (302, 197, NULL, '2.7 TDI', 'Coupe', 'Dizel', 'Otomatik', '190', 2698);
INSERT INTO vehicle_catalog_trims (id, alt_model_id, model_id, name, body_type, fuel_type, transmission, engine_power, engine_displacement) VALUES (303, 198, NULL, '3.0 TDI Quattro', 'Coupe', 'Dizel', 'Otomatik', '240', 2967);
INSERT INTO vehicle_catalog_trims (id, alt_model_id, model_id, name, body_type, fuel_type, transmission, engine_power, engine_displacement) VALUES (304, 199, NULL, '3.2 FSI', 'Coupe', 'Benzinli', 'Otomatik', '265', 3197);
INSERT INTO vehicle_catalog_trims (id, alt_model_id, model_id, name, body_type, fuel_type, transmission, engine_power, engine_displacement) VALUES (305, 200, NULL, '2.0 TDI Quattro', 'Sedan', 'Dizel', 'Otomatik', '204', 1968);
INSERT INTO vehicle_catalog_trims (id, alt_model_id, model_id, name, body_type, fuel_type, transmission, engine_power, engine_displacement) VALUES (306, 201, NULL, '2.0 TFSI', 'Sedan', 'Benzinli', 'Otomatik', '204', 1984);
INSERT INTO vehicle_catalog_trims (id, alt_model_id, model_id, name, body_type, fuel_type, transmission, engine_power, engine_displacement) VALUES (307, 202, NULL, '2.0 TFSI Quattro', 'Sedan', 'Benzinli', 'Otomatik', '204', 1984);
INSERT INTO vehicle_catalog_trims (id, alt_model_id, model_id, name, body_type, fuel_type, transmission, engine_power, engine_displacement) VALUES (308, 203, NULL, '40 TDI', 'Hatchback', 'Hibrit', 'Otomatik', '204', 1968);
INSERT INTO vehicle_catalog_trims (id, alt_model_id, model_id, name, body_type, fuel_type, transmission, engine_power, engine_displacement) VALUES (309, 203, NULL, '40 TDI', 'Hatchback', 'Dizel', 'Otomatik', '190', 1968);
INSERT INTO vehicle_catalog_trims (id, alt_model_id, model_id, name, body_type, fuel_type, transmission, engine_power, engine_displacement) VALUES (310, 203, NULL, '40 TDI', 'Hatchback', 'Dizel', 'Otomatik', '204', 1968);
INSERT INTO vehicle_catalog_trims (id, alt_model_id, model_id, name, body_type, fuel_type, transmission, engine_power, engine_displacement) VALUES (311, 203, NULL, '40 TDI', 'Hatchback', 'Dizel', 'Otomatik', '190', 1968);
INSERT INTO vehicle_catalog_trims (id, alt_model_id, model_id, name, body_type, fuel_type, transmission, engine_power, engine_displacement) VALUES (312, 204, NULL, '45 TFSI', 'Hatchback', 'Benzinli', 'Otomatik', '265', 1984);
INSERT INTO vehicle_catalog_trims (id, alt_model_id, model_id, name, body_type, fuel_type, transmission, engine_power, engine_displacement) VALUES (313, 204, NULL, '45 TFSI', 'Hatchback', 'Dizel', 'Otomatik', '265', 1984);
INSERT INTO vehicle_catalog_trims (id, alt_model_id, model_id, name, body_type, fuel_type, transmission, engine_power, engine_displacement) VALUES (314, 205, NULL, '1.4 TFSI Design', 'Hatchback', 'Benzinli', 'Otomatik', '150', 1395);
INSERT INTO vehicle_catalog_trims (id, alt_model_id, model_id, name, body_type, fuel_type, transmission, engine_power, engine_displacement) VALUES (315, 206, NULL, '1.4 TFSI Dynamic', 'Hatchback', 'Benzinli', 'Otomatik', '150', 1395);
INSERT INTO vehicle_catalog_trims (id, alt_model_id, model_id, name, body_type, fuel_type, transmission, engine_power, engine_displacement) VALUES (316, 207, NULL, '1.4 TFSI Sport', 'Hatchback', 'Benzinli', 'Otomatik', '150', 1395);
INSERT INTO vehicle_catalog_trims (id, alt_model_id, model_id, name, body_type, fuel_type, transmission, engine_power, engine_displacement) VALUES (317, 208, NULL, '1.8 TFSI', 'Hatchback', 'Benzinli', 'Otomatik', '160', 1798);
INSERT INTO vehicle_catalog_trims (id, alt_model_id, model_id, name, body_type, fuel_type, transmission, engine_power, engine_displacement) VALUES (318, 209, NULL, '2.0 TDI', 'Hatchback', 'Dizel', 'Otomatik', '176-200', 1801);
INSERT INTO vehicle_catalog_trims (id, alt_model_id, model_id, name, body_type, fuel_type, transmission, engine_power, engine_displacement) VALUES (319, 210, NULL, '2.0 TDI Quattro', 'Hatchback', 'Dizel', 'Otomatik', '190', 1968);
INSERT INTO vehicle_catalog_trims (id, alt_model_id, model_id, name, body_type, fuel_type, transmission, engine_power, engine_displacement) VALUES (320, 211, NULL, '2.0 TDI Quattro Design', 'Hatchback', 'Dizel', 'Otomatik', '190', 1968);
INSERT INTO vehicle_catalog_trims (id, alt_model_id, model_id, name, body_type, fuel_type, transmission, engine_power, engine_displacement) VALUES (321, 212, NULL, '2.0 TDI Quattro Dynamic', 'Hatchback', 'Dizel', 'Otomatik', '190', 1968);
INSERT INTO vehicle_catalog_trims (id, alt_model_id, model_id, name, body_type, fuel_type, transmission, engine_power, engine_displacement) VALUES (322, 213, NULL, '2.0 TDI Quattro Sport', 'Hatchback', 'Dizel', 'Otomatik', '190', 1968);
INSERT INTO vehicle_catalog_trims (id, alt_model_id, model_id, name, body_type, fuel_type, transmission, engine_power, engine_displacement) VALUES (323, 214, NULL, '2.0 TFSI', 'Hatchback', 'Benzin & LPG', 'Otomatik', '180', 1984);
INSERT INTO vehicle_catalog_trims (id, alt_model_id, model_id, name, body_type, fuel_type, transmission, engine_power, engine_displacement) VALUES (324, 215, NULL, '2.0 TFSI Quattro', 'Hatchback', 'Benzinli', 'Otomatik', '211', 1984);
INSERT INTO vehicle_catalog_trims (id, alt_model_id, model_id, name, body_type, fuel_type, transmission, engine_power, engine_displacement) VALUES (325, 215, NULL, '2.0 TFSI Quattro', 'Hatchback', 'Benzinli', 'Otomatik', '252', 1984);
INSERT INTO vehicle_catalog_trims (id, alt_model_id, model_id, name, body_type, fuel_type, transmission, engine_power, engine_displacement) VALUES (326, 216, NULL, '3.0 TDI Quattro', 'Hatchback', 'Dizel', 'Otomatik', '240', 2967);
INSERT INTO vehicle_catalog_trims (id, alt_model_id, model_id, name, body_type, fuel_type, transmission, engine_power, engine_displacement) VALUES (327, 217, NULL, 'Quattro', NULL, NULL, NULL, NULL, NULL);
INSERT INTO vehicle_catalog_trims (id, alt_model_id, model_id, name, body_type, fuel_type, transmission, engine_power, engine_displacement) VALUES (328, 218, NULL, 'Quattro Long', NULL, NULL, NULL, NULL, NULL);
INSERT INTO vehicle_catalog_trims (id, alt_model_id, model_id, name, body_type, fuel_type, transmission, engine_power, engine_displacement) VALUES (329, 219, NULL, 'Quattro Long', NULL, NULL, NULL, NULL, NULL);
INSERT INTO vehicle_catalog_trims (id, alt_model_id, model_id, name, body_type, fuel_type, transmission, engine_power, engine_displacement) VALUES (330, 220, NULL, 'Quattro Long', NULL, NULL, NULL, NULL, NULL);
INSERT INTO vehicle_catalog_trims (id, alt_model_id, model_id, name, body_type, fuel_type, transmission, engine_power, engine_displacement) VALUES (331, NULL, 88, NULL, NULL, NULL, NULL, NULL, NULL);
INSERT INTO vehicle_catalog_trims (id, alt_model_id, model_id, name, body_type, fuel_type, transmission, engine_power, engine_displacement) VALUES (332, NULL, 89, NULL, NULL, NULL, NULL, NULL, NULL);
INSERT INTO vehicle_catalog_trims (id, alt_model_id, model_id, name, body_type, fuel_type, transmission, engine_power, engine_displacement) VALUES (333, NULL, 90, NULL, NULL, NULL, NULL, NULL, NULL);
INSERT INTO vehicle_catalog_trims (id, alt_model_id, model_id, name, body_type, fuel_type, transmission, engine_power, engine_displacement) VALUES (334, 221, NULL, 'Quattro', NULL, NULL, NULL, NULL, NULL);
INSERT INTO vehicle_catalog_trims (id, alt_model_id, model_id, name, body_type, fuel_type, transmission, engine_power, engine_displacement) VALUES (335, 222, NULL, 'Quattro Long', NULL, NULL, NULL, NULL, NULL);
INSERT INTO vehicle_catalog_trims (id, alt_model_id, model_id, name, body_type, fuel_type, transmission, engine_power, engine_displacement) VALUES (336, NULL, 92, NULL, NULL, NULL, NULL, NULL, NULL);
INSERT INTO vehicle_catalog_trims (id, alt_model_id, model_id, name, body_type, fuel_type, transmission, engine_power, engine_displacement) VALUES (337, NULL, 93, NULL, NULL, NULL, NULL, NULL, NULL);
INSERT INTO vehicle_catalog_trims (id, alt_model_id, model_id, name, body_type, fuel_type, transmission, engine_power, engine_displacement) VALUES (338, NULL, 94, NULL, NULL, NULL, NULL, NULL, NULL);
INSERT INTO vehicle_catalog_trims (id, alt_model_id, model_id, name, body_type, fuel_type, transmission, engine_power, engine_displacement) VALUES (339, 223, NULL, 'FSI Quattro', NULL, NULL, NULL, NULL, NULL);
INSERT INTO vehicle_catalog_trims (id, alt_model_id, model_id, name, body_type, fuel_type, transmission, engine_power, engine_displacement) VALUES (340, 224, NULL, 'Quattro', NULL, NULL, NULL, NULL, NULL);
INSERT INTO vehicle_catalog_trims (id, alt_model_id, model_id, name, body_type, fuel_type, transmission, engine_power, engine_displacement) VALUES (341, 225, NULL, 'Quattro Long', NULL, NULL, NULL, NULL, NULL);
INSERT INTO vehicle_catalog_trims (id, alt_model_id, model_id, name, body_type, fuel_type, transmission, engine_power, engine_displacement) VALUES (342, 226, NULL, 'Quattro', NULL, NULL, NULL, NULL, NULL);
INSERT INTO vehicle_catalog_trims (id, alt_model_id, model_id, name, body_type, fuel_type, transmission, engine_power, engine_displacement) VALUES (343, 227, NULL, 'Quattro Long', NULL, NULL, NULL, NULL, NULL);
INSERT INTO vehicle_catalog_trims (id, alt_model_id, model_id, name, body_type, fuel_type, transmission, engine_power, engine_displacement) VALUES (344, NULL, 97, NULL, NULL, NULL, NULL, NULL, NULL);
INSERT INTO vehicle_catalog_trims (id, alt_model_id, model_id, name, body_type, fuel_type, transmission, engine_power, engine_displacement) VALUES (345, NULL, 98, NULL, NULL, NULL, NULL, NULL, NULL);
INSERT INTO vehicle_catalog_trims (id, alt_model_id, model_id, name, body_type, fuel_type, transmission, engine_power, engine_displacement) VALUES (346, NULL, 99, NULL, NULL, NULL, NULL, NULL, NULL);
INSERT INTO vehicle_catalog_trims (id, alt_model_id, model_id, name, body_type, fuel_type, transmission, engine_power, engine_displacement) VALUES (347, 228, NULL, 'Quattro', NULL, NULL, NULL, NULL, NULL);
INSERT INTO vehicle_catalog_trims (id, alt_model_id, model_id, name, body_type, fuel_type, transmission, engine_power, engine_displacement) VALUES (348, 229, NULL, 'Quattro R-tronic', NULL, NULL, NULL, NULL, NULL);
INSERT INTO vehicle_catalog_trims (id, alt_model_id, model_id, name, body_type, fuel_type, transmission, engine_power, engine_displacement) VALUES (349, 230, NULL, 'Quattro R-tronic', NULL, NULL, NULL, NULL, NULL);
INSERT INTO vehicle_catalog_trims (id, alt_model_id, model_id, name, body_type, fuel_type, transmission, engine_power, engine_displacement) VALUES (350, NULL, 102, NULL, NULL, NULL, NULL, NULL, NULL);
INSERT INTO vehicle_catalog_trims (id, alt_model_id, model_id, name, body_type, fuel_type, transmission, engine_power, engine_displacement) VALUES (351, NULL, 103, NULL, NULL, NULL, NULL, NULL, NULL);
INSERT INTO vehicle_catalog_trims (id, alt_model_id, model_id, name, body_type, fuel_type, transmission, engine_power, engine_displacement) VALUES (352, NULL, 104, NULL, NULL, NULL, NULL, NULL, NULL);
INSERT INTO vehicle_catalog_trims (id, alt_model_id, model_id, name, body_type, fuel_type, transmission, engine_power, engine_displacement) VALUES (353, NULL, 105, NULL, NULL, NULL, NULL, NULL, NULL);
INSERT INTO vehicle_catalog_trims (id, alt_model_id, model_id, name, body_type, fuel_type, transmission, engine_power, engine_displacement) VALUES (354, 231, NULL, '1.8 T Quattro', NULL, NULL, NULL, NULL, NULL);
INSERT INTO vehicle_catalog_trims (id, alt_model_id, model_id, name, body_type, fuel_type, transmission, engine_power, engine_displacement) VALUES (355, 232, NULL, '2.0 TFSI Quattro', NULL, NULL, NULL, NULL, NULL);
INSERT INTO vehicle_catalog_trims (id, alt_model_id, model_id, name, body_type, fuel_type, transmission, engine_power, engine_displacement) VALUES (356, 233, NULL, '3.0 TFSI Quattro', NULL, NULL, NULL, NULL, NULL);
INSERT INTO vehicle_catalog_trims (id, alt_model_id, model_id, name, body_type, fuel_type, transmission, engine_power, engine_displacement) VALUES (357, 234, NULL, '3.0 TFSI Quattro', NULL, NULL, NULL, NULL, NULL);
INSERT INTO vehicle_catalog_trims (id, alt_model_id, model_id, name, body_type, fuel_type, transmission, engine_power, engine_displacement) VALUES (358, 235, NULL, '4.2 FSI Quattro', NULL, NULL, NULL, NULL, NULL);
INSERT INTO vehicle_catalog_trims (id, alt_model_id, model_id, name, body_type, fuel_type, transmission, engine_power, engine_displacement) VALUES (359, 236, NULL, '3.0 TDI Quattro', NULL, NULL, NULL, NULL, NULL);
INSERT INTO vehicle_catalog_trims (id, alt_model_id, model_id, name, body_type, fuel_type, transmission, engine_power, engine_displacement) VALUES (360, NULL, 110, NULL, NULL, NULL, NULL, NULL, NULL);
INSERT INTO vehicle_catalog_trims (id, alt_model_id, model_id, name, body_type, fuel_type, transmission, engine_power, engine_displacement) VALUES (361, 237, NULL, 'Quattro', NULL, NULL, NULL, NULL, NULL);
INSERT INTO vehicle_catalog_trims (id, alt_model_id, model_id, name, body_type, fuel_type, transmission, engine_power, engine_displacement) VALUES (362, NULL, 111, NULL, NULL, NULL, NULL, NULL, NULL);
INSERT INTO vehicle_catalog_trims (id, alt_model_id, model_id, name, body_type, fuel_type, transmission, engine_power, engine_displacement) VALUES (363, NULL, 112, NULL, NULL, NULL, NULL, NULL, NULL);
INSERT INTO vehicle_catalog_trims (id, alt_model_id, model_id, name, body_type, fuel_type, transmission, engine_power, engine_displacement) VALUES (364, NULL, 113, NULL, NULL, NULL, NULL, NULL, NULL);
INSERT INTO vehicle_catalog_trims (id, alt_model_id, model_id, name, body_type, fuel_type, transmission, engine_power, engine_displacement) VALUES (365, NULL, 114, NULL, NULL, NULL, NULL, NULL, NULL);
INSERT INTO vehicle_catalog_trims (id, alt_model_id, model_id, name, body_type, fuel_type, transmission, engine_power, engine_displacement) VALUES (366, NULL, 115, NULL, NULL, NULL, NULL, NULL, NULL);
INSERT INTO vehicle_catalog_trims (id, alt_model_id, model_id, name, body_type, fuel_type, transmission, engine_power, engine_displacement) VALUES (367, NULL, 116, NULL, NULL, NULL, NULL, NULL, NULL);
INSERT INTO vehicle_catalog_trims (id, alt_model_id, model_id, name, body_type, fuel_type, transmission, engine_power, engine_displacement) VALUES (368, NULL, 117, NULL, NULL, NULL, NULL, NULL, NULL);
INSERT INTO vehicle_catalog_trims (id, alt_model_id, model_id, name, body_type, fuel_type, transmission, engine_power, engine_displacement) VALUES (369, NULL, 118, NULL, NULL, NULL, NULL, NULL, NULL);
INSERT INTO vehicle_catalog_trims (id, alt_model_id, model_id, name, body_type, fuel_type, transmission, engine_power, engine_displacement) VALUES (370, NULL, 119, NULL, NULL, NULL, NULL, NULL, NULL);
INSERT INTO vehicle_catalog_trims (id, alt_model_id, model_id, name, body_type, fuel_type, transmission, engine_power, engine_displacement) VALUES (371, NULL, 120, NULL, NULL, NULL, NULL, NULL, NULL);
INSERT INTO vehicle_catalog_trims (id, alt_model_id, model_id, name, body_type, fuel_type, transmission, engine_power, engine_displacement) VALUES (372, NULL, 121, NULL, NULL, NULL, NULL, NULL, NULL);
INSERT INTO vehicle_catalog_trims (id, alt_model_id, model_id, name, body_type, fuel_type, transmission, engine_power, engine_displacement) VALUES (373, NULL, 122, NULL, NULL, NULL, NULL, NULL, NULL);
INSERT INTO vehicle_catalog_trims (id, alt_model_id, model_id, name, body_type, fuel_type, transmission, engine_power, engine_displacement) VALUES (374, NULL, 123, NULL, 'Sedan', 'Benzinli', 'Otomatik', '560', 5998);
INSERT INTO vehicle_catalog_trims (id, alt_model_id, model_id, name, body_type, fuel_type, transmission, engine_power, engine_displacement) VALUES (375, NULL, 124, NULL, 'Sedan', 'Benzinli', 'Otomatik', '610', 5998);
INSERT INTO vehicle_catalog_trims (id, alt_model_id, model_id, name, body_type, fuel_type, transmission, engine_power, engine_displacement) VALUES (376, NULL, 125, NULL, 'Coupe', 'Benzinli', 'Otomatik', '501-525', 3501);
INSERT INTO vehicle_catalog_trims (id, alt_model_id, model_id, name, body_type, fuel_type, transmission, engine_power, engine_displacement) VALUES (377, NULL, 126, NULL, 'Cabrio', 'Benzinli', 'Otomatik', '551-575', 3500);
INSERT INTO vehicle_catalog_trims (id, alt_model_id, model_id, name, body_type, fuel_type, transmission, engine_power, engine_displacement) VALUES (378, NULL, 127, NULL, 'Coupe', 'Benzinli', 'Otomatik', '601', 3500);
INSERT INTO vehicle_catalog_trims (id, alt_model_id, model_id, name, body_type, fuel_type, transmission, engine_power, engine_displacement) VALUES (379, NULL, 128, NULL, 'Coupe', 'Benzinli', 'Otomatik', '630', 5998);
INSERT INTO vehicle_catalog_trims (id, alt_model_id, model_id, name, body_type, fuel_type, transmission, engine_power, engine_displacement) VALUES (380, NULL, 129, NULL, 'Sedan', 'Benzinli', 'Otomatik', '526-550', 3501);
INSERT INTO vehicle_catalog_trims (id, alt_model_id, model_id, name, body_type, fuel_type, transmission, engine_power, engine_displacement) VALUES (381, NULL, 130, NULL, 'Sedan', 'Benzinli', 'Otomatik', '551-575', 5501);
INSERT INTO vehicle_catalog_trims (id, alt_model_id, model_id, name, body_type, fuel_type, transmission, engine_power, engine_displacement) VALUES (382, NULL, 131, NULL, 'Coupe', 'Benzinli', 'Otomatik', '551-575', 3501);
INSERT INTO vehicle_catalog_trims (id, alt_model_id, model_id, name, body_type, fuel_type, transmission, engine_power, engine_displacement) VALUES (383, NULL, 132, NULL, 'Sedan', 'Benzinli', 'Otomatik', '512', 6752);
INSERT INTO vehicle_catalog_trims (id, alt_model_id, model_id, name, body_type, fuel_type, transmission, engine_power, engine_displacement) VALUES (384, NULL, 133, NULL, 'Sedan', 'Benzinli', 'Otomatik', '205', 3797);
INSERT INTO vehicle_catalog_trims (id, alt_model_id, model_id, name, body_type, fuel_type, transmission, engine_power, engine_displacement) VALUES (385, NULL, 134, NULL, 'Sedan', 'Benzinli', 'Otomatik', '225', 3797);
INSERT INTO vehicle_catalog_trims (id, alt_model_id, model_id, name, body_type, fuel_type, transmission, engine_power, engine_displacement) VALUES (386, NULL, 135, NULL, 'Sedan', 'Benzinli', 'Otomatik', '170', 3595);
INSERT INTO vehicle_catalog_trims (id, alt_model_id, model_id, name, body_type, fuel_type, transmission, engine_power, engine_displacement) VALUES (387, NULL, 136, NULL, 'Coupe', 'Benzinli', 'Otomatik', '301-325', 3500);
INSERT INTO vehicle_catalog_trims (id, alt_model_id, model_id, name, body_type, fuel_type, transmission, engine_power, engine_displacement) VALUES (388, NULL, 137, NULL, 'Sedan', 'Benzinli', 'Otomatik', '262', 5733);
INSERT INTO vehicle_catalog_trims (id, alt_model_id, model_id, name, body_type, fuel_type, transmission, engine_power, engine_displacement) VALUES (389, NULL, 138, NULL, 'Sedan', 'Benzin & LPG', 'Otomatik', '126-150', 2001);
INSERT INTO vehicle_catalog_trims (id, alt_model_id, model_id, name, body_type, fuel_type, transmission, engine_power, engine_displacement) VALUES (390, NULL, 139, NULL, 'Hatchback', 'Elektrikli', 'Otomatik', '204', NULL);
INSERT INTO vehicle_catalog_trims (id, alt_model_id, model_id, name, body_type, fuel_type, transmission, engine_power, engine_displacement) VALUES (391, NULL, 140, NULL, 'Hatchback', 'Elektrikli', 'Otomatik', '204', NULL);
INSERT INTO vehicle_catalog_trims (id, alt_model_id, model_id, name, body_type, fuel_type, transmission, engine_power, engine_displacement) VALUES (392, NULL, 141, NULL, 'Hatchback', 'Elektrikli', 'Otomatik', '201-225', NULL);
INSERT INTO vehicle_catalog_trims (id, alt_model_id, model_id, name, body_type, fuel_type, transmission, engine_power, engine_displacement) VALUES (393, NULL, 142, NULL, 'Sedan', 'Benzin & LPG', 'Manuel', '101-125', 1301);
INSERT INTO vehicle_catalog_trims (id, alt_model_id, model_id, name, body_type, fuel_type, transmission, engine_power, engine_displacement) VALUES (394, NULL, 143, NULL, 'Sedan', 'Elektrikli', 'Otomatik', '601', 6001);
INSERT INTO vehicle_catalog_trims (id, alt_model_id, model_id, name, body_type, fuel_type, transmission, engine_power, engine_displacement) VALUES (395, NULL, 144, NULL, 'Sedan', 'Elektrikli', 'Otomatik', '201-225', 1300);
INSERT INTO vehicle_catalog_trims (id, alt_model_id, model_id, name, body_type, fuel_type, transmission, engine_power, engine_displacement) VALUES (396, NULL, 145, NULL, 'Sedan', 'Elektrikli', 'Otomatik', '218', NULL);
INSERT INTO vehicle_catalog_trims (id, alt_model_id, model_id, name, body_type, fuel_type, transmission, engine_power, engine_displacement) VALUES (397, NULL, 146, NULL, 'Sedan', 'Elektrikli', 'Otomatik', '530', NULL);
INSERT INTO vehicle_catalog_trims (id, alt_model_id, model_id, name, body_type, fuel_type, transmission, engine_power, engine_displacement) VALUES (398, NULL, 147, NULL, 'Sedan', 'Benzinli', 'Otomatik', '226-300', 2001);
INSERT INTO vehicle_catalog_trims (id, alt_model_id, model_id, name, body_type, fuel_type, transmission, engine_power, engine_displacement) VALUES (399, NULL, 148, NULL, 'Sedan', 'Benzinli', 'Otomatik', '211', 2792);
INSERT INTO vehicle_catalog_trims (id, alt_model_id, model_id, name, body_type, fuel_type, transmission, engine_power, engine_displacement) VALUES (400, NULL, 149, NULL, 'Sedan', 'Benzinli', 'Otomatik', '223', 3175);
INSERT INTO vehicle_catalog_trims (id, alt_model_id, model_id, name, body_type, fuel_type, transmission, engine_power, engine_displacement) VALUES (401, NULL, 150, NULL, 'Sedan', 'Benzinli', 'Manuel', '376-400', 5501);
INSERT INTO vehicle_catalog_trims (id, alt_model_id, model_id, name, body_type, fuel_type, transmission, engine_power, engine_displacement) VALUES (402, NULL, 151, NULL, 'Sedan', 'Benzinli', 'Otomatik', '223', 5735);
INSERT INTO vehicle_catalog_trims (id, alt_model_id, model_id, name, body_type, fuel_type, transmission, engine_power, engine_displacement) VALUES (403, NULL, 152, NULL, 'Sedan', 'Benzinli', 'Otomatik', '151-175', 4001);
INSERT INTO vehicle_catalog_trims (id, alt_model_id, model_id, name, body_type, fuel_type, transmission, engine_power, engine_displacement) VALUES (404, NULL, 153, NULL, 'Sedan', 'Benzinli', 'Otomatik', '376-400', 4501);
INSERT INTO vehicle_catalog_trims (id, alt_model_id, model_id, name, body_type, fuel_type, transmission, engine_power, engine_displacement) VALUES (405, NULL, 154, NULL, 'Coupe', 'Benzinli', 'Otomatik', '301-325', 4501);
INSERT INTO vehicle_catalog_trims (id, alt_model_id, model_id, name, body_type, fuel_type, transmission, engine_power, engine_displacement) VALUES (406, NULL, 155, NULL, 'Sedan', 'Benzinli', 'Otomatik', '200', 4894);
INSERT INTO vehicle_catalog_trims (id, alt_model_id, model_id, name, body_type, fuel_type, transmission, engine_power, engine_displacement) VALUES (407, NULL, 156, NULL, 'Sedan', 'Benzinli', 'Otomatik', '260', 5733);
INSERT INTO vehicle_catalog_trims (id, alt_model_id, model_id, name, body_type, fuel_type, transmission, engine_power, engine_displacement) VALUES (408, NULL, 157, NULL, 'Sedan', 'Benzinli', 'Otomatik', '300', 4572);
INSERT INTO vehicle_catalog_trims (id, alt_model_id, model_id, name, body_type, fuel_type, transmission, engine_power, engine_displacement) VALUES (409, NULL, 158, NULL, 'Sedan', 'Benzinli', 'Otomatik', '200', 4917);
INSERT INTO vehicle_catalog_trims (id, alt_model_id, model_id, name, body_type, fuel_type, transmission, engine_power, engine_displacement) VALUES (410, NULL, 159, NULL, 'Sedan', 'Benzinli', 'Otomatik', '258', 3564);
INSERT INTO vehicle_catalog_trims (id, alt_model_id, model_id, name, body_type, fuel_type, transmission, engine_power, engine_displacement) VALUES (411, 238, NULL, 'Acteco Forza', 'Sedan', 'Benzin & LPG', 'Manuel', '110', 1595);
INSERT INTO vehicle_catalog_trims (id, alt_model_id, model_id, name, body_type, fuel_type, transmission, engine_power, engine_displacement) VALUES (412, 239, NULL, 'Acteco Lusso', 'Sedan', 'Benzinli', 'Manuel', '110', 1597);
INSERT INTO vehicle_catalog_trims (id, alt_model_id, model_id, name, body_type, fuel_type, transmission, engine_power, engine_displacement) VALUES (413, 240, NULL, 'Acteco Norma', 'Sedan', 'Benzinli', 'Manuel', '110', 1597);
INSERT INTO vehicle_catalog_trims (id, alt_model_id, model_id, name, body_type, fuel_type, transmission, engine_power, engine_displacement) VALUES (414, NULL, 161, NULL, 'Hatchback', 'Benzin & LPG', 'Manuel', '119', 1597);
INSERT INTO vehicle_catalog_trims (id, alt_model_id, model_id, name, body_type, fuel_type, transmission, engine_power, engine_displacement) VALUES (415, NULL, 162, NULL, 'Hatchback', 'Benzinli', 'Otomatik', '136', 1971);
INSERT INTO vehicle_catalog_trims (id, alt_model_id, model_id, name, body_type, fuel_type, transmission, engine_power, engine_displacement) VALUES (416, 241, NULL, 'Forza', 'Hatchback', 'Benzinli', 'Otomatik', '84', 1297);
INSERT INTO vehicle_catalog_trims (id, alt_model_id, model_id, name, body_type, fuel_type, transmission, engine_power, engine_displacement) VALUES (417, 242, NULL, 'Lusso', 'Hatchback', 'Benzinli', 'Otomatik', '84', 1297);
INSERT INTO vehicle_catalog_trims (id, alt_model_id, model_id, name, body_type, fuel_type, transmission, engine_power, engine_displacement) VALUES (418, NULL, 164, NULL, 'Sedan', 'Benzin & LPG', 'Manuel', '101-125', 1301);
INSERT INTO vehicle_catalog_trims (id, alt_model_id, model_id, name, body_type, fuel_type, transmission, engine_power, engine_displacement) VALUES (419, NULL, 165, NULL, 'Sedan', 'Benzin & LPG', 'Manuel', '119', 1597);
INSERT INTO vehicle_catalog_trims (id, alt_model_id, model_id, name, body_type, fuel_type, transmission, engine_power, engine_displacement) VALUES (420, NULL, 166, NULL, 'Sedan', 'Benzin & LPG', 'Otomatik', '136', 1971);
INSERT INTO vehicle_catalog_trims (id, alt_model_id, model_id, name, body_type, fuel_type, transmission, engine_power, engine_displacement) VALUES (421, 243, NULL, 'LS', 'Hatchback', 'Benzinli', 'Manuel', '70', 1229);
INSERT INTO vehicle_catalog_trims (id, alt_model_id, model_id, name, body_type, fuel_type, transmission, engine_power, engine_displacement) VALUES (422, 244, NULL, 'S', 'Sedan', 'Benzin & LPG', 'Manuel', '72', 1150);
INSERT INTO vehicle_catalog_trims (id, alt_model_id, model_id, name, body_type, fuel_type, transmission, engine_power, engine_displacement) VALUES (423, 245, NULL, 'SE', 'Hatchback', 'Benzinli', 'Manuel', '72', 1150);
INSERT INTO vehicle_catalog_trims (id, alt_model_id, model_id, name, body_type, fuel_type, transmission, engine_power, engine_displacement) VALUES (424, 246, NULL, 'SX', 'Hatchback', 'Benzinli', 'Manuel', '84', 1206);
INSERT INTO vehicle_catalog_trims (id, alt_model_id, model_id, name, body_type, fuel_type, transmission, engine_power, engine_displacement) VALUES (425, 247, NULL, 'LS', 'Sedan', 'Dizel', 'Manuel', '75', 1248);
INSERT INTO vehicle_catalog_trims (id, alt_model_id, model_id, name, body_type, fuel_type, transmission, engine_power, engine_displacement) VALUES (426, 248, NULL, 'LT', 'Sedan', 'Dizel', 'Manuel', '75', 1248);
INSERT INTO vehicle_catalog_trims (id, alt_model_id, model_id, name, body_type, fuel_type, transmission, engine_power, engine_displacement) VALUES (427, 249, NULL, 'LTZ', 'Sedan', 'Dizel', 'Manuel', '95', 1248);
INSERT INTO vehicle_catalog_trims (id, alt_model_id, model_id, name, body_type, fuel_type, transmission, engine_power, engine_displacement) VALUES (428, 250, NULL, 'LS', 'Sedan', 'Benzin & LPG', 'Manuel', '100', 1398);
INSERT INTO vehicle_catalog_trims (id, alt_model_id, model_id, name, body_type, fuel_type, transmission, engine_power, engine_displacement) VALUES (429, 251, NULL, 'LT', 'Sedan', 'Benzinli', 'Otomatik', '100', 1398);
INSERT INTO vehicle_catalog_trims (id, alt_model_id, model_id, name, body_type, fuel_type, transmission, engine_power, engine_displacement) VALUES (430, 252, NULL, 'LTZ', 'Sedan', 'Benzin & LPG', 'Otomatik', '100', 1398);
INSERT INTO vehicle_catalog_trims (id, alt_model_id, model_id, name, body_type, fuel_type, transmission, engine_power, engine_displacement) VALUES (431, 253, NULL, 'S', 'Sedan', 'Benzin & LPG', 'Manuel', '94', 1399);
INSERT INTO vehicle_catalog_trims (id, alt_model_id, model_id, name, body_type, fuel_type, transmission, engine_power, engine_displacement) VALUES (432, 254, NULL, 'SE', 'Sedan', 'Benzin & LPG', 'Manuel', '94', 1399);
INSERT INTO vehicle_catalog_trims (id, alt_model_id, model_id, name, body_type, fuel_type, transmission, engine_power, engine_displacement) VALUES (433, 255, NULL, 'SX', 'Sedan', 'Benzin & LPG', 'Manuel', '94', 1399);
INSERT INTO vehicle_catalog_trims (id, alt_model_id, model_id, name, body_type, fuel_type, transmission, engine_power, engine_displacement) VALUES (434, NULL, 170, NULL, 'Coupe', 'Benzinli', 'Otomatik', '275', 1998);
INSERT INTO vehicle_catalog_trims (id, alt_model_id, model_id, name, body_type, fuel_type, transmission, engine_power, engine_displacement) VALUES (435, NULL, 171, NULL, 'Coupe', 'Benzinli', 'Otomatik', '326-350', 3500);
INSERT INTO vehicle_catalog_trims (id, alt_model_id, model_id, name, body_type, fuel_type, transmission, engine_power, engine_displacement) VALUES (436, NULL, 172, NULL, 'Coupe', 'Benzinli', 'Otomatik', '476-500', 6001);
INSERT INTO vehicle_catalog_trims (id, alt_model_id, model_id, name, body_type, fuel_type, transmission, engine_power, engine_displacement) VALUES (437, NULL, 173, NULL, 'Cabrio', 'Benzinli', 'Otomatik', '326-350', 3501);
INSERT INTO vehicle_catalog_trims (id, alt_model_id, model_id, name, body_type, fuel_type, transmission, engine_power, engine_displacement) VALUES (438, NULL, 174, NULL, 'Coupe', 'Benzinli', 'Manuel', '432', 6162);
INSERT INTO vehicle_catalog_trims (id, alt_model_id, model_id, name, body_type, fuel_type, transmission, engine_power, engine_displacement) VALUES (439, NULL, 175, NULL, 'Coupe', 'Benzin & LPG', 'Otomatik', '276-300', 5501);
INSERT INTO vehicle_catalog_trims (id, alt_model_id, model_id, name, body_type, fuel_type, transmission, engine_power, engine_displacement) VALUES (440, NULL, 176, NULL, 'Sedan', 'Benzinli', 'Otomatik', '451-475', 5001);
INSERT INTO vehicle_catalog_trims (id, alt_model_id, model_id, name, body_type, fuel_type, transmission, engine_power, engine_displacement) VALUES (441, NULL, 177, NULL, 'Statino Wagon', 'Benzinli', 'Otomatik', '151-175', 3001);
INSERT INTO vehicle_catalog_trims (id, alt_model_id, model_id, name, body_type, fuel_type, transmission, engine_power, engine_displacement) VALUES (442, NULL, 178, NULL, 'Coupe', 'Benzinli', 'Otomatik', '376-400', 5501);
INSERT INTO vehicle_catalog_trims (id, alt_model_id, model_id, name, body_type, fuel_type, transmission, engine_power, engine_displacement) VALUES (443, NULL, 179, NULL, 'Coupe', 'Benzinli', 'Otomatik', '344', 5666);
INSERT INTO vehicle_catalog_trims (id, alt_model_id, model_id, name, body_type, fuel_type, transmission, engine_power, engine_displacement) VALUES (444, NULL, 180, NULL, 'Coupe', 'Benzinli', 'Otomatik', '404', 5967);
INSERT INTO vehicle_catalog_trims (id, alt_model_id, model_id, name, body_type, fuel_type, transmission, engine_power, engine_displacement) VALUES (445, NULL, 181, NULL, 'Coupe', 'Benzinli', 'Otomatik', '526-550', 6001);
INSERT INTO vehicle_catalog_trims (id, alt_model_id, model_id, name, body_type, fuel_type, transmission, engine_power, engine_displacement) VALUES (446, NULL, 182, NULL, 'Coupe', 'Benzinli', 'Otomatik', '755', 6162);
INSERT INTO vehicle_catalog_trims (id, alt_model_id, model_id, name, body_type, fuel_type, transmission, engine_power, engine_displacement) VALUES (447, NULL, 183, NULL, 'Cabrio', 'Benzinli', 'Otomatik', '476-500', 6001);
INSERT INTO vehicle_catalog_trims (id, alt_model_id, model_id, name, body_type, fuel_type, transmission, engine_power, engine_displacement) VALUES (448, 256, NULL, 'LT', 'Statino Wagon', 'Benzin & LPG', 'Manuel', '140', 1362);
INSERT INTO vehicle_catalog_trims (id, alt_model_id, model_id, name, body_type, fuel_type, transmission, engine_power, engine_displacement) VALUES (449, 257, NULL, 'LTZ', 'Sedan', 'Benzin & LPG', 'Otomatik', '140', 1362);
INSERT INTO vehicle_catalog_trims (id, alt_model_id, model_id, name, body_type, fuel_type, transmission, engine_power, engine_displacement) VALUES (450, 258, NULL, 'Sport', 'Hatchback', 'Benzinli', 'Manuel', '140', 1362);
INSERT INTO vehicle_catalog_trims (id, alt_model_id, model_id, name, body_type, fuel_type, transmission, engine_power, engine_displacement) VALUES (451, 259, NULL, 'Sport Plus', 'Hatchback', 'Benzinli', 'Manuel', '140', 1362);
INSERT INTO vehicle_catalog_trims (id, alt_model_id, model_id, name, body_type, fuel_type, transmission, engine_power, engine_displacement) VALUES (452, 260, NULL, '1.6', 'Sedan', 'Benzin & LPG', 'Manuel', '124', 1598);
INSERT INTO vehicle_catalog_trims (id, alt_model_id, model_id, name, body_type, fuel_type, transmission, engine_power, engine_displacement) VALUES (453, 261, NULL, 'Design Edition', 'Sedan', 'Benzin & LPG', 'Manuel', '124', 1598);
INSERT INTO vehicle_catalog_trims (id, alt_model_id, model_id, name, body_type, fuel_type, transmission, engine_power, engine_displacement) VALUES (454, 262, NULL, 'Design Edition Plus', 'Sedan', 'Benzin & LPG', 'Manuel', '124', 1598);
INSERT INTO vehicle_catalog_trims (id, alt_model_id, model_id, name, body_type, fuel_type, transmission, engine_power, engine_displacement) VALUES (455, 263, NULL, 'LS', 'Sedan', 'Benzin & LPG', 'Manuel', '113', 1598);
INSERT INTO vehicle_catalog_trims (id, alt_model_id, model_id, name, body_type, fuel_type, transmission, engine_power, engine_displacement) VALUES (456, 264, NULL, 'LS Plus', 'Sedan', 'Benzinli', 'Manuel', '124', 1598);
INSERT INTO vehicle_catalog_trims (id, alt_model_id, model_id, name, body_type, fuel_type, transmission, engine_power, engine_displacement) VALUES (457, 265, NULL, 'LT', 'Sedan', 'Benzin & LPG', 'Manuel', '124', 1598);
INSERT INTO vehicle_catalog_trims (id, alt_model_id, model_id, name, body_type, fuel_type, transmission, engine_power, engine_displacement) VALUES (458, 266, NULL, 'LT Plus', 'Sedan', 'Benzin & LPG', 'Manuel', '124', 1598);
INSERT INTO vehicle_catalog_trims (id, alt_model_id, model_id, name, body_type, fuel_type, transmission, engine_power, engine_displacement) VALUES (459, 267, NULL, 'Sport', 'Hatchback', 'Benzin & LPG', 'Manuel', '124', 1598);
INSERT INTO vehicle_catalog_trims (id, alt_model_id, model_id, name, body_type, fuel_type, transmission, engine_power, engine_displacement) VALUES (460, 268, NULL, 'Sport Plus', 'Sedan', 'Benzin & LPG', 'Otomatik', '117', 1598);
INSERT INTO vehicle_catalog_trims (id, alt_model_id, model_id, name, body_type, fuel_type, transmission, engine_power, engine_displacement) VALUES (461, 269, NULL, 'WTCC Edition', 'Sedan', 'Benzin & LPG', 'Manuel', '124', 1598);
INSERT INTO vehicle_catalog_trims (id, alt_model_id, model_id, name, body_type, fuel_type, transmission, engine_power, engine_displacement) VALUES (462, 270, NULL, 'wtcc Edition Plus', 'Hatchback', 'Benzin & LPG', 'Manuel', '124', 1598);
INSERT INTO vehicle_catalog_trims (id, alt_model_id, model_id, name, body_type, fuel_type, transmission, engine_power, engine_displacement) VALUES (463, 271, NULL, 'LT', 'Sedan', 'Dizel', 'Otomatik', '163', 1998);
INSERT INTO vehicle_catalog_trims (id, alt_model_id, model_id, name, body_type, fuel_type, transmission, engine_power, engine_displacement) VALUES (464, 272, NULL, 'LTZ', 'Sedan', 'Dizel', 'Otomatik', '163', 1998);
INSERT INTO vehicle_catalog_trims (id, alt_model_id, model_id, name, body_type, fuel_type, transmission, engine_power, engine_displacement) VALUES (465, NULL, 187, NULL, 'Sedan', 'Benzin & LPG', 'Otomatik', '150', 1998);
INSERT INTO vehicle_catalog_trims (id, alt_model_id, model_id, name, body_type, fuel_type, transmission, engine_power, engine_displacement) VALUES (466, NULL, 188, NULL, 'Sedan', 'Benzin & LPG', 'Manuel', '150', 1998);
INSERT INTO vehicle_catalog_trims (id, alt_model_id, model_id, name, body_type, fuel_type, transmission, engine_power, engine_displacement) VALUES (467, NULL, 189, NULL, 'Sedan', 'Benzin & LPG', 'Otomatik', '131', 1998);
INSERT INTO vehicle_catalog_trims (id, alt_model_id, model_id, name, body_type, fuel_type, transmission, engine_power, engine_displacement) VALUES (468, NULL, 190, NULL, 'Sedan', 'Benzinli', 'Otomatik', '301-325', 3501);
INSERT INTO vehicle_catalog_trims (id, alt_model_id, model_id, name, body_type, fuel_type, transmission, engine_power, engine_displacement) VALUES (469, NULL, 191, NULL, 'Sedan', 'Benzinli', 'Otomatik', '201-225', 3501);
INSERT INTO vehicle_catalog_trims (id, alt_model_id, model_id, name, body_type, fuel_type, transmission, engine_power, engine_displacement) VALUES (470, NULL, 192, NULL, 'Sedan', 'Benzinli', 'Otomatik', '176-200', 5501);
INSERT INTO vehicle_catalog_trims (id, alt_model_id, model_id, name, body_type, fuel_type, transmission, engine_power, engine_displacement) VALUES (471, 273, NULL, 'S', 'Hatchback', 'Benzin & LPG', 'Manuel', '72', 1150);
INSERT INTO vehicle_catalog_trims (id, alt_model_id, model_id, name, body_type, fuel_type, transmission, engine_power, engine_displacement) VALUES (472, 274, NULL, 'SE', 'Hatchback', 'Benzin & LPG', 'Manuel', '72', 1150);
INSERT INTO vehicle_catalog_trims (id, alt_model_id, model_id, name, body_type, fuel_type, transmission, engine_power, engine_displacement) VALUES (473, 275, NULL, 'CDX', 'Hatchback', 'Benzinli', 'Manuel', '109', 1598);
INSERT INTO vehicle_catalog_trims (id, alt_model_id, model_id, name, body_type, fuel_type, transmission, engine_power, engine_displacement) VALUES (474, 276, NULL, 'SX', 'Hatchback', 'Benzin & LPG', 'Manuel', '95', 1399);
INSERT INTO vehicle_catalog_trims (id, alt_model_id, model_id, name, body_type, fuel_type, transmission, engine_power, engine_displacement) VALUES (475, 277, NULL, 'WTCC', 'Hatchback', 'Benzin & LPG', 'Manuel', '95', 1399);
INSERT INTO vehicle_catalog_trims (id, alt_model_id, model_id, name, body_type, fuel_type, transmission, engine_power, engine_displacement) VALUES (476, 278, NULL, 'CDX', 'Hatchback', 'Benzin & LPG', 'Otomatik', '101-125', 1301);
INSERT INTO vehicle_catalog_trims (id, alt_model_id, model_id, name, body_type, fuel_type, transmission, engine_power, engine_displacement) VALUES (477, 279, NULL, 'SE', 'Hatchback', 'Benzin & LPG', 'Manuel', '109', 1598);
INSERT INTO vehicle_catalog_trims (id, alt_model_id, model_id, name, body_type, fuel_type, transmission, engine_power, engine_displacement) VALUES (478, 280, NULL, 'SX', 'Hatchback', 'Benzin & LPG', 'Otomatik', '109', 1598);
INSERT INTO vehicle_catalog_trims (id, alt_model_id, model_id, name, body_type, fuel_type, transmission, engine_power, engine_displacement) VALUES (479, 281, NULL, 'WTCC', 'Sedan', 'Benzin & LPG', 'Otomatik', '109', 1598);
INSERT INTO vehicle_catalog_trims (id, alt_model_id, model_id, name, body_type, fuel_type, transmission, engine_power, engine_displacement) VALUES (480, NULL, 197, NULL, 'MPV', 'Benzinli', 'Manuel', '108', 1598);
INSERT INTO vehicle_catalog_trims (id, alt_model_id, model_id, name, body_type, fuel_type, transmission, engine_power, engine_displacement) VALUES (481, 282, NULL, 'S', 'Hatchback', 'Benzin & LPG', 'Manuel', '51', 796);
INSERT INTO vehicle_catalog_trims (id, alt_model_id, model_id, name, body_type, fuel_type, transmission, engine_power, engine_displacement) VALUES (482, 283, NULL, 'SE', 'Hatchback', 'Benzinli', 'Manuel', '51', 796);
INSERT INTO vehicle_catalog_trims (id, alt_model_id, model_id, name, body_type, fuel_type, transmission, engine_power, engine_displacement) VALUES (483, NULL, 199, NULL, 'Hatchback', 'Benzinli', 'Manuel', '68', 995);
INSERT INTO vehicle_catalog_trims (id, alt_model_id, model_id, name, body_type, fuel_type, transmission, engine_power, engine_displacement) VALUES (484, 284, NULL, 'LS', 'Hatchback', 'Benzinli', 'Manuel', '51-75', 1300);
INSERT INTO vehicle_catalog_trims (id, alt_model_id, model_id, name, body_type, fuel_type, transmission, engine_power, engine_displacement) VALUES (485, 285, NULL, 'SE', 'Hatchback', 'Benzin & LPG', 'Manuel', '66', 995);
INSERT INTO vehicle_catalog_trims (id, alt_model_id, model_id, name, body_type, fuel_type, transmission, engine_power, engine_displacement) VALUES (486, 286, NULL, 'SX', 'Hatchback', 'Benzinli', 'Manuel', '66', 995);
INSERT INTO vehicle_catalog_trims (id, alt_model_id, model_id, name, body_type, fuel_type, transmission, engine_power, engine_displacement) VALUES (487, 287, NULL, 'LS', 'Hatchback', 'Benzinli', 'Manuel', '81', 1206);
INSERT INTO vehicle_catalog_trims (id, alt_model_id, model_id, name, body_type, fuel_type, transmission, engine_power, engine_displacement) VALUES (488, 288, NULL, 'LT', 'Hatchback', 'Benzinli', 'Manuel', '81', 1206);
INSERT INTO vehicle_catalog_trims (id, alt_model_id, model_id, name, body_type, fuel_type, transmission, engine_power, engine_displacement) VALUES (489, 289, NULL, 'LTZ', 'Hatchback', 'Benzinli', 'Manuel', '82', 1206);
SELECT setval('vehicle_catalog_trims_id_seq', 490);

COMMIT;

-- Migration complete
